addresspoid,housenum,atomicid,geo_atomicid
336269,2,4099802305,4000000
978,25-01,4001900514,4001900509
1085,47-07,4000100106,4000000
1087,47-15,4000100106,4000000
1088,47-61,4000100106,4000000
1093,47-22,4000100108,4000000
1106,23-30,4000100160,4000100174
1107,50-20,4000100160,4000000
7558,1-04,4008700204,4008700214
10179,30-11,4006300002,4006300103
20442,33-20,4011100204,4011300202
20443,33-18,4011100204,4011300202
20444,33-16,4011100204,4011300202
20445,33-14,4011100204,4011300202
20446,33-12,4011100204,4011300202
24617,14-04,4009100109,4000000
24618,14-08,4009100109,4000000
24619,14-10,4009100109,4000000
24620,14-14,4009100109,4000000
24621,14-16,4009100109,4000000
24622,14-18,4009100109,4000000
24623,14-20,4009100109,4000000
24625,14-22,4009100109,4000000
24626,14-28,4009100106,4000000
24627,14-30,4009100106,4000000
24628,14-32,4009100106,4000000
24629,14-34,4009100106,4000000
24630,14-36,4009100106,4000000
24631,14-38,4009100106,4000000
24690,12-10,4009100103,4000000
26110,72-02,4029900107,4029900108
34402,41-10,4026300302,4026300304
36722,88-22,4032900201,4032900222
44019,41-100,4046300103,4000000
50695,127-02A,4038301119,4038301114
53002,58-28,4045500108,4045500107
53266,103-18,4043900102,4043900214
58611,108-55,4073900410,4073900405
59952,47-30,4024500214,4024500217
62079,68-19,4051100101,4000000
62080,68-17,4051100101,4000000
62081,68-15,4051100101,4000000
62082,68-11,4051100101,4000000
63068,70-14,4048900211,4048900215
63211,72-01,4048900228,4048900102
66006,57-35,4053500116,4053500120
66218,54-20,4053500106,4053500126
66872,58-01,4021900107,4021900106
67791,55-63,4051700120,4051700124
67791,55-69,4051700120,4051700124
70614,67-63,4065702108,4060701118
70615,67-59,4065702108,4060701118
73544,85-04,4050500102,4000000
73545,85-08,4050500102,4000000
87864,80-30,4077300153,4077300139
92859,63-18,4059300106,4000000
93050,6606,4058700102,4000000
93150,66-48,4058700202,4000000
93152,66-50,4058700202,4000000
94179,66-15,4058700101,4000000
94181,66-13,4058700101,4000000
94183,66-11,4058700101,4000000
94184,66-07,4058700101,4000000
94187,66-05,4058700101,4000000
94191,66-01,4058700101,4000000
94323,66-55,4058700201,4000000
94325,66-53,4058700201,4000000
94327,6651,4058700201,4000000
94329,6649,4058700201,4000000
94331,66-47,4058700201,4000000
94333,6643,4058700201,4000000
94335,66-41,4058700201,4000000
97791,67-01,4061301213,4061301205
99213,73-01,4061900109,4062300108
99214,72-351/2,4061900109,4062300108
99215,72-37,4061900109,4062300108
99216,72-35,4061900109,4062300108
101405,82-30,4056100107,4056100135
112403,31-99,4090700218,4090700224
112404,31-89,4090700218,4090700224
112559,139-15,4094500139,4000000
112592,7-14,4094500109,4094500139
112759,34,4094500135,4000000
112762,32,4094500135,4000000
112763,30,4094500135,4000000
112765,28,4094500135,4000000
112766,28,4094500135,4000000
112785,39,4094500110,4000000
112791,141-16,4094500110,4000000
112795,141-24,4094500110,4000000
112797,141-32,4094500110,4000000
112801,141-28,4094500110,4000000
112807,141-59,4094500110,4000000
112809,23,4094500110,4000000
112810,141-47,4094500110,4000000
112811,141-47,4094500110,4094500113
112813,27,4094500110,4000000
112814,141-41,4094500110,4000000
112815,141-41,4094500110,4094500113
112817,29,4094500110,4000000
112818,141-35,4094500110,4000000
112819,141-35,4094500110,4094500113
112821,31,4094500110,4000000
112822,141-29,4094500110,4000000
112824,141-29,4094500110,4094500113
112825,33,4094500110,4000000
112826,141-19,4094500110,4000000
112828,141-19,4094500110,4094500113
112829,35,4094500110,4000000
112830,141-15,4094500110,4000000
112832,141-15,4094500110,4094500113
112840,44,4094500113,4000000
112842,141-58,4094500113,4094500110
113018,1,4094500102,4000000
113059,20,4094500107,4000000
113064,6,4094500107,4000000
113096,1,4094500111,4000000
113099,7,4094500111,4000000
113103,9,4094500111,4000000
113111,15,4094500111,4000000
113115,19,4094500111,4000000
113185,125,4094500132,4000000
113188,1-20,4094500138,4000000
113255,145-03,4094500104,4000000
114530,150-34,4098100109,4098100108
117966,14-44,4098100214,4098100215
124634,27-04,4114100104,4114100103
124880,32-09,4086900522,4086900521
124917,132-15,4086900504,4086900515
137107,162-06,4120700201,4120700214
137384,157-18,4120300108,4120300204
139619,175-56,4141700417,4141700411
144711,214-05,4099703309,4000000
144713,214-01,4099703309,4000000
144729,214-03,4099703309,4000000
144760,214-10,4099703303,4000000
144762,214-14,4099703303,4000000
144764,214-16,4099703303,4000000
144766,214-20,4099703303,4000000
144768,214-22,4099703303,4000000
144770,214-26,4099703303,4000000
144772,214-28,4099703303,4000000
144774,214-32,4099703303,4000000
144776,214-34,4099703303,4000000
157789,82-17,4022001102,4022001320
158443,75-23,4077907701,4077907704
161190,65-76,4122701423,4122701431
170887,182-75,4127700218,4000000
170888,182-61,4127700218,4000000
170889,182-55,4127700218,4000000
170890,182-51,4127700218,4000000
170891,182-41,4127700218,4000000
170892,182-33,4127700218,4000000
170893,182-27,4127700218,4000000
170894,182-21,4127700218,4000000
170895,182-15,4127700218,4000000
170907,182-26,4127700205,4000000
170908,182-34,4127700205,4000000
170909,182-40,4127700205,4000000
170910,182-48,4127700205,4000000
171096,184-57,4127700207,4000000
171097,184-45,4127700207,4000000
171098,184-27,4127700207,4000000
171099,184-21,4127700207,4000000
171100,184-15,4127700207,4000000
171112,184-42,4127700203,4000000
171114,184-36,4127700203,4000000
171115,184-30,4127700203,4000000
171116,184-26,4127700203,4000000
171117,184-22,4127700203,4000000
171273,186-07,4127700209,4000000
171288,186-49,4127700209,4000000
171289,186-39,4127700209,4000000
171290,186-29,4127700209,4000000
171291,186-27,4127700209,4000000
171292,186-23,4127700209,4000000
171293,186-15,4127700209,4000000
171298,186-06,4127700225,4000000
171300,186-14,4127700225,4000000
171301,186-18,4127700225,4000000
171302,186-22,4127700225,4000000
171303,186-26,4127700225,4000000
171304,186-28,4127700225,4000000
171305,186-32,4127700225,4000000
171306,186-36,4127700225,4000000
171307,186-46,4127700225,4000000
171308,186-54,4127700225,4000000
171580,188-91,4127700126,4000000
171581,188-87,4127700126,4000000
171582,188-81,4127700126,4000000
171583,188-75,4127700126,4000000
171584,188-65,4127700126,4000000
174588,217-31,4144100403,4139900101
174589,217-27,4144100403,4139900101
174590,217-23,4144100403,4139900101
174592,217-19,4144100403,4139900101
174594,217-15,4144100403,4139900101
174596,217-09,4144100403,4139900144
184157,88-34,4162100213,4162100216
187044,236-09,4148300414,4000000
187060,21,4148300414,4000000
187134,239-27,4148300415,4000000
187137,251,4148300415,4000000
187140,239-03,4148300415,4000000
187142,239,4148300415,4000000
187143,239-01,4148300415,4000000
187146,237,4148300415,4000000
187147,237-25,4148300415,4000000
187150,225,4148300415,4000000
187151,237-23,4148300415,4000000
187153,217,4148300415,4000000
187154,237-17,4148300415,4000000
187155,211,4148300415,4000000
187156,237-05,4148300415,4000000
187219,335,4148300416,4000000
187220,240-41,4148300416,4000000
187220,240-43,4148300416,4000000
187226,319,4148300416,4000000
187227,240-27,4148300416,4000000
187231,309,4148300416,4000000
187235,301,4148300416,4000000
187236,240-09,4148300416,4000000
187247,37-16,4148300127,4000000
187248,37-20,4148300127,4000000
187389,8,4148300505,4000000
187394,236-28,4148300505,4000000
187396,236-34,4148300505,4000000
187417,238-02,4148300504,4000000
187422,139,4148300504,4000000
187425,127,4148300504,4000000
187426,121,4148300504,4000000
187427,115,4148300504,4000000
187429,109,4148300504,4000000
187435,100,4148300508,4000000
187437,116,4148300508,4000000
187438,122,4148300508,4000000
187440,128,4148300508,4000000
187442,134,4148300508,4000000
187443,239-02,4148300508,4000000
187445,140,4148300508,4000000
187458,308,4148300513,4000000
187460,314,4148300513,4000000
187462,320,4148300513,4000000
187463,240-28,4148300513,4000000
187465,324,4148300513,4000000
187466,240-32,4148300513,4000000
187468,328,4148300513,4000000
187469,240-34,4148300513,4000000
187471,336,4148300513,4000000
187472,240-38,4148300513,4000000
187865,40-32,4147900412,4147900415
192615,60-08,4152902404,4152902412
196628,86-39,4161700410,4161700413
206019,78-21,4000600111,4000600105
208349,94-06,4003400114,4003400116
210006,97-49,4003800101,4003800106
214313,85-15,4013200207,4013200208
214324,85-55,4013200207,4013200208
214325,85-45,4013200207,4013200208
227563,133-02,4015801211,4015801205
227563,133-12,4015801211,4015801205
227832,104-17,4015801203,4015801210
227833,104-15,4015801203,4015801210
229280,138-25,4021400203,4021400206
232594,161-10,4044800201,4044800110
240079,160-02,4024600207,4024600119
240372,107-09,4025400506,4019800106
240374,107-03,4025400506,4019800106
241010,94-39,4044400102,4044400144
243957,109-15,4041400205,4041400203
245835,183-01,4040400309,4000000
245854,183-77,4040400309,4000000
245855,183-73,4040400309,4000000
245856,183-69,4040400309,4000000
245857,183-65,4040400309,4000000
245858,183-61,4040400309,4000000
245859,183-57,4040400309,4000000
245860,183-53,4040400309,4000000
245861,183-49,4040400309,4000000
245862,183-45,4040400309,4000000
245863,183-41,4040400309,4000000
245864,183-37,4040400309,4000000
245865,183-33,4040400309,4000000
245866,183-29,4040400309,4000000
245867,183-25,4040400309,4000000
245868,183-21,4040400309,4000000
245869,183-17,4040400309,4000000
245870,183-11,4040400309,4000000
245871,183-07,4040400309,4000000
245907,186-01,4040400316,4000000
245923,188-15,4040400316,4000000
245925,188-09,4040400316,4000000
245926,188-05,4040400316,4000000
245927,188-01,4040400316,4000000
245928,187-23,4040400316,4000000
245929,187-19,4040400316,4000000
245930,187-15,4040400316,4000000
245931,187-09,4040400316,4000000
245932,187-05,4040400316,4000000
245933,187-01,4040400316,4000000
245934,186-27,4040400316,4000000
245935,186-23,4040400316,4000000
245936,186-19,4040400316,4000000
245937,186-15,4040400316,4000000
245938,186-09,4040400316,4000000
245939,186-05,4040400316,4000000
247608,186-20,4040400307,4000000
247609,186-16,4040400307,4000000
247610,186-12,4040400307,4000000
247611,186-08,4040400307,4000000
247612,186-04,4040400307,4000000
247633,187-20,4040400303,4000000
247634,187-16,4040400303,4000000
247635,187-10,4040400303,4000000
247636,187-06,4040400303,4000000
247637,187-02,4040400303,4000000
247648,188-16,4040400304,4000000
247650,188-06,4040400304,4000000
249619,86-41,4047600203,4047600217
251368,211-17,4054200403,4054200407
255754,92-94,4056000211,4056000203
267481,112-18,4053800202,4053800208
267482,112-10,4053800202,4053800208
267483,112-08,4053800202,4053800208
267484,112-06,4053800202,4053800208
267485,112-04,4053800202,4053800208
267486,112-02,4053800202,4053800208
267487,215-38,4053800202,4053800208
267488,215-34,4053800202,4053800208
267489,215-32,4053800202,4053800208
267490,215-28,4053800202,4053800208
267491,215-26,4053800202,4053800208
267492,215-22,4053800202,4053800208
267493,215-20,4053800202,4053800208
267494,215-16,4053800202,4053800208
267495,215-14,4053800202,4053800208
267496,215-10,4053800202,4053800208
267497,215-08,4053800202,4053800208
267498,215-04,4053800202,4053800208
267499,215-02,4053800202,4053800208
267500,214-01,4053800202,4053800208
267501,214-05,4053800202,4053800208
267502,214-09,4053800202,4053800208
267503,214-11,4053800202,4053800208
267504,214-15,4053800202,4053800208
267505,214-17,4053800202,4053800208
267506,214-19,4053800202,4053800208
267507,214-23,4053800202,4053800208
267508,214-25,4053800202,4053800208
267509,214-29,4053800202,4053800208
267510,214-31,4053800202,4053800208
267511,214-35,4053800202,4053800208
267512,214-37,4053800202,4053800208
268798,110-01,4058200125,4058200123
276038,150-18,4008800301,4008800303
276039,150-22,4008800301,4008800303
276040,150-24,4008800301,4008800303
276041,150-28,4008800301,4008800303
276046,150-30,4008800301,4008800303
276049,150-32,4008800301,4008800303
276879,128-04,4017000204,4017000203
280124,116-28,4017800108,4017800107
280125,116-30,4017800108,4017800107
280322,127-19C,4017800204,4017800203
281881,133-40,4083800310,4083800302
283893,133-04,4081400105,4000000
283894,133-08,4081400105,4000000
283895,133-12,4081400105,4000000
283896,133-16,4081400105,4000000
283897,133-20,4081400105,4000000
283898,133-24,4081400105,4000000
285000,135-19,4081800210,4081800212
286230,111-17,4019400114,4000000
286231,111-15,4019400114,4000000
286232,111-11,4019400114,4000000
286244,111-23,4019400114,4000000
286245,111-21,4019400114,4000000
286904,114-15,4019200207,4000000
286905,114-11,4019200207,4000000
287714,224,4099200123,4000000
291297,131-19,4029400102,4029400108
291299,131-21,4029400102,4029400108
291466,109-09,4026000304,4009600104
296955,119-05,4028400112,4028400205
298780,119-77,4036800113,4036800107
298780,119-81,4036800113,4036800107
299597,163-45,4033402152,4033402161
299622,165-40,4033402154,4033402161
301752,117-43,4039400113,4039400101
307345,121-04,4061601108,4000000
307346,121-12,4061601108,4000000
307347,121-18,4061601108,4000000
307348,121-24,4061601108,4000000
307349,121-30,4061601108,4000000
307350,121-36,4061601108,4000000
307351,121-42,4061601108,4000000
307352,121-48,4061601108,4000000
307353,121-54,4061601108,4000000
307354,121-62,4061601108,4000000
307645,128-24,4061601209,4000000
307646,128-18,4061601209,4000000
307647,128-14,4061601209,4000000
307649,128-06,4061601209,4000000
308706,130-04,4061601308,4000000
308707,130-16,4061601308,4000000
308708,130-20,4061601308,4000000
308709,130-24,4061601308,4000000
308710,130-28,4061601308,4000000
308711,130-32,4061601308,4000000
308712,130-46,4061601308,4000000
309722,131-64,4061800101,4000000
309723,131-66,4061800101,4000000
309731,131-08,4061800101,4000000
310204,133-04,4061800209,4000000
310205,133-06,4061800209,4000000
310206,133-08,4061800209,4000000
310207,133-10,4061800209,4000000
310224,133-12,4061800209,4000000
310225,133-14,4061800209,4000000
310226,133-16,4061800209,4000000
310227,133-18,4061800209,4000000
310228,133-20,4061800209,4000000
310229,133-22,4061800209,4000000
310230,133-24,4061800209,4000000
310231,133-26,4061800209,4000000
310232,133-28,4061800209,4000000
310233,133-30,4061800209,4000000
310664,180-02,4035200116,4032800117
314880,139-12,4065000212,4000000
314881,139-16,4065000212,4000000
314882,139-20,4065000212,4000000
314883,139-24,4065000212,4000000
315161,137-56,4064600213,4000000
315190,137-12,4064600213,4000000
315191,137-16,4064600213,4000000
315192,137-20,4064600213,4000000
315193,137-24,4064600213,4000000
315194,137-28,4064600213,4000000
315195,137-32,4064600213,4000000
315196,137-36,4064600213,4000000
315197,137-40,4064600213,4000000
315198,137-44,4064600213,4000000
315199,137-48,4064600213,4000000
315646,247-15,4063800202,4063800201
316152,236-05,4063800450,4063800455
316421,176-16,4030600329,4030600309
319713,240-07,4066400110,4066400111
327952,1,4088400301,4088400201
327957,102-25,4088400213,4088400214
327989,9,4088400301,4088400201
327991,7,4088400301,4088400201
327993,5,4088400301,4088400201
327995,3,4088400301,4088400201
328706,22,4088400401,4088400405
328709,16,4088400401,4088400405
328710,9,4088400401,4088400405
328729,7,4088400401,4088400405
329182,102-35,4088400100,4088400413
329421,329,4107201232,4107201233
330328,714,4107201111,4000000
330329,712,4107201111,4000000
330562,1827,4107201147,4107201152
330563,1825,4107201147,4107201152
330760,701,4103202120,4103202103
330863,15-03,4103201410,4000000
331410,14,4103202217,4000000
331411,16,4103202217,4000000
331412,18,4103202217,4000000
331413,20,4103202217,4000000
331696,9-01,4101001413,4000000
331696,9-21,4101001413,4000000
331701,9-02,4101001413,4000000
331713,9-10,4101001413,4000000
331718,9-12,4101001413,4000000
331720,9-16,4101001413,4000000
331722,9-20,4101001413,4000000
332204,402,4101002109,4101002106
332205,406,4101002109,4101002106
332206,410,4101002109,4101002106
332610,404,4101001205,4101002106
335337,5-10,4099801507,4099801508
335338,5-14,4099801507,4099801508
335339,5-18,4099801507,4099801508
335340,5-22,4099801507,4099801508
335341,5-26,4099801507,4099801508
335785,310,4099200140,4000000
335786,314,4099200140,4000000
335787,318,4099200140,4000000
335948,232,4099200123,4000000
335949,230,4099200123,4000000
335950,228,4099200123,4000000
335963,206,4099200123,4000000
335966,208,4099200123,4000000
335967,208A,4099200123,4000000
335968,214,4099200123,4000000
335969,212,4099200123,4000000
335970,210,4099200123,4000000
335973,206A,4099200123,4000000
335996,172,4099802309,4000000
336270,6,4099802305,4000000
336271,10,4099802305,4000000
336272,12,4099802305,4000000
336929,57-17,4097202228,4097202225
337019,333,4099200127,4000000
338867,2,4094202363,4094202367
338868,2A,4094202363,4094202367
338899,1A,4094202367,4094202363
338899,1B,4094202367,4094202363
338902,4,4094202307,4094202801
338957,318,4094202323,4094202302
339929,115-18,4093800226,4093800214
343819,3551/2,4091601104,4091601103
344107,12,4091601350,4091601303
344270,669,4091601177,4091601181
344393,204-17,4091601151,4000000
344423,668,4091601177,4091601181
344425,670,4091601177,4091601181
344467,204-13,4091601151,4000000
344496,204-15,4091601151,4000000
344604,27,4091601287,4091601288
344620,681,4091601247,4091601246
344926,23,4091601283,4091601284
345267,122,4091601373,4091601374
345503,33,4091601271,4091601320
345664,13,4091601271,4091601353
345670,9,4091601271,4091601353
345820,479,4091601353,4091601271
345839,461,4091601353,4091601271
345846,413,4091601353,4091601271
345859,682,4091601247,4091601246
345901,442,4091601271,4091601353
345905,684,4091601247,4091601246
345906,443,4091601271,4091601353
345910,683,4091601247,4091601246
351537,131-48,4061800101,4000000
351538,131-50,4061800101,4000000
351539,131-52,4061800101,4000000
351540,131-54,4061800101,4000000
351541,131-56,4061800101,4000000
351542,131-58,4061800101,4000000
351543,131-60,4061800101,4000000
351544,131-62,4061800101,4000000
351663,117-12,4013200206,4013200201
353055,86-01A,4094203203,4094203207
353975,8,4099802305,4000000
355334,58-24,4045500108,4045500107
355881,4,4099802305,4000000
357386,67-22A,4080900609,4080900506
357539,107-60,4071100101,4000000
357745,44-29,4001900407,4001900408
357983,20,4148300415,4000000
358136,39-12,4040100202,4040100203
359673,107-53A,4004401208,4004401214
1000008,920,1000500903,1000000
1000097,298,1000500961,1000500950
1000107,10A,1000500964,1000000
1000108,10B,1000500964,1000000
1000168,2,1000900113,1000900214
1000185,2,1000900203,1000900217
1000185,4,1000900203,1000900217
1000187,3,1000900203,1000900217
1000198,1,1000900204,1000900220
1000542,110,1000700105,1000700108
1000564,120,1000700105,1000700108
1000720,60,1001300313,1001300318
1001173,267,1001501121,1001501114
1001173,285,1001501121,1001501114
1001515,258,1002100105,1003100213
1001518,256,1002100105,1003100213
1002076,205,1002900208,1002900202
1002933,336A,1003300101,1000000
1004967,154,1001402205,1001402208
1004969,156,1001402205,1001402208
1007269,120,1003002205,1003002207
1007271,114,1003002205,1003002207
1007272,110,1003002205,1003002207
1007273,108,1003002205,1003002207
1007774,49,1003602105,1003800203
1009844,188,1004900203,1003700133
1009845,190,1004900203,1003700133
1009846,192,1004900203,1003700133
1009847,196,1004900203,1003700133
1009848,198,1004900203,1003700133
1009849,200,1004900203,1003700133
1009850,202,1004900203,1003700133
1009850,204,1004900203,1003700133
1011097,32,1005700111,1004200207
1011098,36,1005700111,1004200207
1011099,38,1005700111,1004200207
1011102,30,1005700111,1004200207
1012312,68A,1006700410,1000000
1014307,585,1007900005,1007700002
1014307,595,1007900005,1007700002
1015029,505,1007900306,1000000
1015296,324,1009900135,1009900149
1015296,338,1009900135,1009900149
1016020,470,1009300304,1009300301
1016106,425,1009300404,1009300403
1016316,357,1008300205,1008300203
1016849,421,1010300102,1010300104
1024377,991,1014500201,1014500204
1025186,510,1011700101,1011700102
1025512,555,1013500101,1013500103
1027072,216,1015100206,1015100210
1027073,217,1015100206,1015100210
1027077,228,1015100203,1015100210
1027078,229,1015100203,1015100210
1027079,242,1015100210,1015100209
1027080,241,1015100210,1015100209
1027081,242,1015100212,1015100204
1027127,160,1015500104,1015500108
1027133,170,1015500104,1015500102
1031100,500,1011202101,1011401104
1032177,8891/2,1009800202,1000000
1033058,833,1012200302,1014300108
1037835,1381,1015801202,1014802101
1038596,310,1013800203,1013800205
1043707,62,1021200308,1021200307
1044386,2171,1021000131,1021000122
1044942,205,1019400403,1019400401
1046668,1025,1019701104,1019701103
1046963,2712,1019100302,1019100203
1054623,2301,1031100207,1031100178
1054625,2929,1024302142,1024302141
1054626,2949,1024302157,1024302142
1054648,922,1023900104,1023900103
1055778,809,1024100305,1024100307
1055780,811,1024100305,1024100307
1056403,1370,1026100123,1026100124
1057245,4,1028500303,1028700303
1057678,731,1027300201,1027300204
1059016,530,1013500105,1013500104
1059019,533,1013500105,1013500104
1059020,531,1013500105,1013500104
1059187,2181,1021000131,1021000122
1059911,960,1012800305,1012000406
1059995,532,1023801963,1023801962
1059997,548,1023801943,1023801962
1061194,486,1021200307,1021200308
1061195,484,1021200307,1021200308
1062328,718,1002800105,1002800109
1062960,336B,1003300101,1000000
1063455,186,1016500202,1016500203
1063760,376,1000202319,1000202314
1063761,384,1000202319,1000202314
1064675,12C,1000500969,1000000
1064681,12D,1000500969,1000500974
1064736,112A,1000500960,1000500974
1064745,112B,1000500960,1000500974
2002389,D,2007100103,2000000
2002391,D,2007100103,2000000
2002393,D,2007100103,2000000
2002395,D,2007100103,2000000
2002399,C,2007100105,2000000
2002402,C,2007100105,2000000
2002537,513,2014100309,2014100110
2004586,650,2006100110,2006100154
2007855,628,2014900402,2014900401
2007859,630,2014900402,2014900401
2009030,771,2015100506,2015100501
2009030,773,2015100506,2015100501
2009733,600,2008300304,2008300303
2010510,959,2012901108,2012901102
2013045,200,2011700550,2011700534
2013046,240,2011700550,2011700534
2013257,367,2009300222,2009300146
2013312,1365,2009300324,2009300331
2015136,3,2021900105,2021900114
2017527,1325,2015100503,2015100502
2020005,1819C,2016100105,2016100106
2022971,1022,2039300305,2039300303
2022972,1024,2039300305,2039300303
2022973,1028,2039300305,2039300303
2022985,1026,2039300305,2039300303
2023107,2404,2039300101,2039300105
2023108,733,2039300101,2039300105
2023108,735,2039300101,2039300105
2023109,7351/2,2039300101,2000000
2023110,2412,2039300101,2039300105
2023111,2416,2039300101,2039300105
2023113,2431,2039300101,2039300105
2023114,2429,2039300101,2039300105
2023115,2427,2039300101,2039300105
2023116,2423,2039300101,2039300105
2023117,2421,2039300101,2039300105
2023118,2415,2039300101,2039300105
2023119,2411,2039300101,2039300105
2023120,749,2039300101,2039300105
2023122,2409,2039300101,2039300105
2023123,747,2039300101,2039300105
2023124,745,2039300101,2039300105
2023125,743,2039300101,2039300105
2023126,737,2039300101,2039300105
2023127,2425,2039300101,2039300105
2023467,751,2039300101,2039300105
2023468,2400,2039300101,2039300105
2023470,2405,2039300101,2039300105
2023471,2422,2039300101,2039300105
2023472,2438,2039300101,2039300105
2023473,2440,2039300101,2039300105
2023474,2444,2039300101,2039300105
2023475,2446,2039300101,2039300105
2023476,2448,2039300101,2039300105
2023477,2475,2039300101,2039300105
2023478,2480,2039300101,2039300105
2023478,2488,2039300101,2039300105
2023479,2500,2039300101,2039300105
2023481,2505,2039300101,2039300105
2023482,2449,2039300101,2039300105
2023483,2447,2039300101,2039300105
2023484,2445,2039300101,2039300105
2023485,2443,2039300101,2039300105
2023486,2441,2039300101,2039300105
2023487,2439,2039300101,2039300105
2023488,2437,2039300101,2039300105
2023489,2435,2039300101,2039300105
2023490,2431,2039300101,2039300105
2023491,2429,2039300101,2039300105
2023492,2427,2039300101,2039300105
2023493,2425,2039300101,2039300105
2023494,2423,2039300101,2039300105
2023495,2421,2039300101,2039300105
2023496,2419,2039300101,2039300105
2023497,2417,2039300101,2039300105
2023498,2442,2039300101,2039300105
2023499,2433,2039300101,2039300105
2024038,333,2037900301,2037900303
2026375,135,2024900101,2024900102
2026378,161,2024900101,2024900102
2027071,20,2040900110,2000000
2027072,40,2040900109,2000000
2032948,1899,2000200216,2000000
2036329,711,2001600126,2001600128
2038383,1715,2004400413,2004400407
2038384,1725,2004400413,2004400407
2040409,1291,2005400101,2005600202
2041100,118,2007200104,2007200105
2044186,1781,2021800304,2021800303
2044823,1585,2021602217,2021602213
2044949,1950,2021001153,2021001186
2045121,2265,2020601112,2020601116
2045750,32,2020000125,2020000118
2045751,34,2020000125,2020000118
2046572,1737,2024000203,2024000206
2052779,2000,2023000218,2000000
2052781,2010,2023000218,2000000
2052783,2020,2023000218,2000000
2052801,1970,2023000221,2023000220
2052805,1961A,2023000224,2000000
2052806,1961B,2023000224,2000000
2054625,2134,2022800102,2022800103
2056586,2441A,2033000201,2000000
2056822,2528,2032800106,2033000102
2057183,2525,2032400105,2032400101
2057817,29,2031800210,2031800211
2067537,3460,2035800308,2036400101
2070478,3900,2039600403,2039600401
2073568,1,2046000102,2000000
2074286,3619,2048400115,2048400104
2077843,4377,2041800101,2041800113
2077844,4381,2041800101,2041800113
2079426,600,2041400316,2041400306
2079426,610,2041400316,2041400306
2079427,614,2041400316,2041400306
2079429,616,2041400316,2041400306
2080257,617,2041400309,2041400314
2080258,609,2041400309,2041400314
2080259,607,2041400309,2041400314
2081211,620,2046201327,2046201326
2081314,177,2046201199,2046201173
2087382,293,2013000104,2000000
2087383,291,2013000104,2000000
2087384,289,2013000104,2000000
2087385,287,2013000104,2000000
2087386,285,2013000104,2000000
2087387,283,2013000104,2000000
2087388,281,2013000104,2000000
2087389,279,2013000104,2000000
2087390,277,2013000104,2000000
2087391,275,2013000104,2000000
2087392,273,2013000104,2000000
2087393,271,2013000104,2000000
2087394,269,2013000104,2000000
2087395,265,2013000104,2000000
2087396,263,2013000104,2000000
2087397,261,2013000104,2000000
2087398,259,2013000104,2000000
2087399,257,2013000104,2000000
2087400,253,2013000104,2000000
2087401,251,2013000104,2000000
2087402,245,2013000104,2000000
2087403,243,2013000104,2000000
2087404,241,2013000104,2000000
2087405,239,2013000104,2000000
2087406,237B,2013000104,2000000
2087407,237A,2013000104,2000000
2087450,223,2011800505,2000000
2087451,217,2011800505,2000000
2087452,215,2011800505,2000000
2087453,213,2011800505,2000000
2087474,199,2011800506,2000000
2087475,197,2011800506,2000000
2087476,195,2011800506,2000000
2087477,193,2011800506,2000000
2087478,189,2011800506,2000000
2087479,187,2011800506,2000000
2087480,185,2011800506,2000000
2087498,227,2011800505,2000000
2087500,225,2011800505,2000000
2087610,92,2011800315,2011800313
2087639,1,2011800312,2000000
2087640,3,2011800312,2000000
2087641,5,2011800312,2000000
2087642,7,2011800312,2000000
2087643,9,2011800312,2000000
2087644,11,2011800312,2000000
2087645,13,2011800312,2000000
2087646,15,2011800312,2000000
2087647,17,2011800312,2000000
2087648,19,2011800312,2000000
2087649,21,2011800312,2000000
2087650,23,2011800312,2000000
2087651,25,2011800312,2000000
2087652,27,2011800312,2000000
2087653,29,2011800312,2000000
2088669,552,2016000214,2000000
2088671,554,2016000214,2000000
2088673,556,2016000214,2000000
2088675,558,2016000214,2000000
2088775,234,2013000102,2000000
2088776,236,2013000102,2000000
2088777,238B,2013000102,2000000
2088778,240,2013000102,2000000
2088779,242,2013000102,2000000
2088780,244,2013000102,2000000
2088781,246,2013000102,2000000
2088782,248,2013000102,2000000
2088783,250,2013000102,2000000
2088784,252,2013000102,2000000
2088785,254,2013000102,2000000
2088786,256,2013000102,2000000
2088787,258,2013000102,2000000
2088788,260,2013000102,2000000
2088789,262,2013000102,2000000
2088790,264,2013000102,2000000
2088791,266,2013000102,2000000
2088792,268,2013000102,2000000
2088793,270,2013000102,2000000
2088794,272,2013000102,2000000
2088795,274,2013000102,2000000
2088796,276,2013000102,2000000
2088801,238,2013000102,2000000
2088802,238A,2013000102,2000000
2088841,222,2011800504,2000000
2088842,220,2011800504,2000000
2088843,218,2011800504,2000000
2088868,182,2011800504,2000000
2088870,184,2011800504,2000000
2088871,194,2011800504,2000000
2088872,196,2011800504,2000000
2088873,200,2011800504,2000000
2088874,202,2011800504,2000000
2088875,204,2011800504,2000000
2088876,206,2011800504,2000000
2088877,208,2011800504,2000000
2088878,210,2011800504,2000000
2088879,212,2011800504,2000000
2088880,214,2011800504,2000000
2088881,216,2011800504,2000000
2088969,140,2011800403,2000000
2088975,2,2011800311,2000000
2088976,4,2011800311,2000000
2088977,6,2011800311,2000000
2088978,8,2011800311,2000000
2088979,10,2011800311,2000000
2088980,12,2011800311,2000000
2088981,14,2011800311,2000000
2088982,16,2011800311,2000000
2088983,18,2011800311,2000000
2088984,22,2011800311,2000000
2088985,26,2011800311,2000000
2088986,28,2011800311,2000000
2088992,30,2011800311,2000000
2089363,147D,2013800144,2013800131
2089742,81C,2013800122,2013800103
2089810,83C,2013800122,2013800103
2089845,71C,2013800122,2013800103
2089846,73C,2013800122,2013800103
2089847,75C,2013800122,2013800103
2089848,77C,2013800122,2013800103
2089851,79C,2013800122,2013800103
2094838,22,2051600218,2051600204
2094838,26,2051600218,2051600204
2095597,4325,2045600233,2045600231
2095806,609,2029302205,2029302209
2097433,5000,2035100105,2033500105
2098303,6024,2034300115,2034300111
2098857,595A5,2030701202,2000000
2098858,595B6,2030701202,2000000
2098859,595B5,2030701202,2000000
2098860,595B4,2030701202,2000000
2098861,595A4,2030701202,2000000
2098862,595A3,2030701202,2000000
2098863,595A2,2030701202,2000000
2098864,595A1,2030701202,2000000
2098865,595B1,2030701202,2000000
2098866,595B2,2030701202,2000000
2098867,595B3,2030701202,2000000
2098868,595A6,2030701202,2000000
2098879,4525,2030701203,2030701202
2098913,4690,2030701108,2030701114
2098919,4655,2030701108,2030701113
2098972,680-19,2030900405,2030900409
2099097,5961,2030900902,2030900904
2099109,665,2030900105,2030900401
2099109,675,2030900105,2030900401
2099284,5655,2032300113,2032300109
2099518,112,2007200104,2007200105
2100164,974,2012901102,2012901108
2101848,140,2046201321,2046201284
2102260,5,2021900105,2021900114
2102508,1374,2035000107,2035000110
2103717,2420,2039300101,2039300105
2103718,2435,2039300101,2039300105
2103719,2434,2039300101,2039300105
2104548,211,2011800505,2000000
2104553,235,2013000104,2000000
2104554,232,2013000102,2000000
2104555,224,2011800504,2000000
2104559,295,2013000104,2000000
2104574,280,2013000102,2000000
2104575,278,2013000102,2000000
2104626,603,2041400309,2041400314
2104626,605,2041400309,2041400314
2105006,5480,1030900105,2030900105
3000013,19,3002100445,3000000
3000069,30,3002100420,3000000
3000076,25,3002100322,3000000
3000081,31,3002100322,3000000
3000214,40,3002100404,3000000
3000214,58,3002100404,3000000
3000307,81,3002100304,3000000
3000310,65,3002100304,3000000
3000409,27,3001300132,3001300157
3000409,49,3001300132,3001300157
3000595,384,3001100126,3001100128
3002635,212,3000100201,3000100116
3005523,90,3005300138,3005300134
3005523,98,3005300138,3005300134
3005525,100,3005300138,3005300134
3005525,108,3005300138,3005300134
3006873,70,3006500003,3006300003
3006873,76,3006500003,3006300003
3006875,656,3006500003,3006300003
3006876,658,3006500003,3006300003
3006877,660,3006500003,3006300003
3006878,662,3006500003,3006300003
3006879,215,3006500003,3006300003
3006880,664,3006500003,3006300003
3010517,160,3005900180,3005900126
3026292,388,3011900103,3011900114
3027436,444,3012100103,3012100105
3029286,190,3011900220,3011900210
3040402,1261,3031900103,3032100103
3040758,1195,3031900102,3032100102
3047139,767,3087600101,3087401101
3048297,1694,3036300406,3036300405
3048298,1698,3036300406,3036300405
3050140,102,3037700303,3037700304
3060193,605,3025500101,3025500122
3062649,294,3024300101,3024300103
3062745,670,3026300105,3026100302
3067684,1279R,3024700215,3000000
3074220,121,3003100103,3003300201
3076285,595,3054500402,3054500414
3080559,499,3051300307,3000000
3080562,495,3051300307,3000000
3080564,493,3051300307,3000000
3080566,489,3051300307,3000000
3080568,487,3051300307,3000000
3080815,492,3051300313,3000000
3080818,496,3051300313,3000000
3080820,500,3051300313,3000000
3082464,144,3056300105,3057500105
3090392,463,3044900215,3044900183
3094211,11,3045300302,3045300301
3094211,27,3045300302,3045300301
3096746,98,3044500204,3019500401
3101642,343,3043300101,3043900306
3106549,722A,3040300107,3000000
3106784,1532,3040500116,3040500117
3128994,560,3120000103,3120000102
3128995,564,3120000103,3120000102
3128996,568,3120000103,3120000102
3128997,570,3120000103,3120000102
3128998,574,3120000103,3120000102
3129000,590,3120000103,3120000102
3129005,587,3120000102,3120000103
3129006,585,3120000102,3120000103
3129007,583,3120000102,3120000103
3129008,581,3120000102,3120000103
3129009,579,3120000102,3120000103
3129010,577,3120000102,3120000103
3129011,575,3120000102,3120000103
3129012,573,3120000102,3120000103
3129013,571,3120000102,3120000103
3129014,569,3120000102,3120000103
3143700,23,3080600107,3080600106
3143701,21,3080600107,3080600106
3143702,19,3080600107,3080600106
3143703,17,3080600107,3080600106
3143704,15,3080600107,3080600106
3143705,13,3080600107,3080600106
3143706,11,3080600107,3080600106
3143707,9,3080600107,3080600106
3143708,7,3080600107,3080600106
3143709,5,3080600107,3080600106
3143710,3,3080600107,3080600106
3143712,1,3080600107,3080600106
3143727,23,3080600106,3080600105
3143729,21,3080600106,3080600105
3143730,19,3080600106,3080600105
3143731,17,3080600106,3080600105
3143732,15,3080600106,3080600105
3143733,13,3080600106,3080600105
3143734,11,3080600106,3080600105
3143735,9,3080600106,3080600105
3143736,7,3080600106,3080600105
3143737,5,3080600106,3080600105
3143738,3,3080600106,3080600105
3143740,1,3080600106,3080600105
3143770,3,3080600108,3080600107
3143771,5,3080600108,3080600107
3143772,7,3080600108,3080600107
3143773,9,3080600108,3080600107
3143774,11,3080600108,3080600107
3143775,13,3080600108,3080600107
3143776,15,3080600108,3080600107
3143777,17,3080600108,3080600107
3143778,19,3080600108,3080600107
3143779,21,3080600108,3080600107
3143782,23,3080600108,3080600107
3145328,83,3081800102,3025500102
3152910,29,3079802301,3079802308
3152928,22,3079802308,3079802301
3152928,30,3079802308,3079802301
3154757,399,3050600403,3017700152
3160918,1516,3052000213,3052000212
3162735,37,3050202202,3050400110
3162735,39,3050202202,3050400110
3171602,5321,3046202206,3046202205
3184499,6202,3019200206,3019200210
3187675,340,3007000201,3007200201
3206088,2106,3026800201,3026800205
3206089,2108,3026800201,3026800205
3206090,2112,3026800201,3026800205
3206091,2114,3026800201,3026800205
3206092,2118,3026800201,3026800205
3206093,2120,3026800201,3026800205
3206094,2124,3026800201,3026800205
3206095,2126,3026800201,3026800205
3206096,2130,3026800201,3026800205
3206097,2132,3026800201,3026800205
3206098,2138,3026800201,3026800205
3206099,2140,3026800201,3026800205
3206100,2142,3026800201,3026800205
3206101,2144,3026800201,3026800205
3206102,2148,3026800201,3026800205
3206103,2150,3026800201,3026800205
3206104,2154,3026800201,3026800205
3206105,2156,3026800201,3026800205
3206106,2160,3026800201,3026800205
3206107,2162,3026800201,3026800205
3206108,2166,3026800201,3026800205
3206109,2170,3026800201,3026800205
3217156,1700,3030400145,3029400144
3217159,8973,3029400128,3029400210
3238559,1427,3034800126,3000000
3249699,2123,3056000103,3057600204
3256228,1144,3058800110,3058400203
3279927,5801,3094402101,3094402109
3279943,5808,3094402106,3094402104
3279945,5804,3094402106,3094402104
3285797,9410,3097000204,3097000205
3286426,1075,3096400102,3096400110
3286803,626,3097400106,3097400112
3286803,628,3097400106,3097400112
3289248,11118A,3105804114,3105804149
3299811,2385,3067000204,3067000210
3305309,64,3061004505,3061003504
3305729,150,3061002202,3000000
3305732,100,3061002202,3000000
3305733,120,3061002202,3000000
3305735,130,3061002202,3000000
3305736,60,3061002201,3000000
3305737,40,3061002201,3000000
3305738,75,3061002202,3000000
3305739,70,3061002202,3000000
3305741,105,3061002202,3000000
3305742,155,3061002202,3000000
3305743,65,3061002207,3000000
3305744,125,3061002202,3000000
3305745,135,3061002202,3000000
3307222,3334,3060800210,3000000
3307224,3338,3060800210,3000000
3307226,3340,3060800210,3000000
3307228,3342,3060800210,3000000
3307230,3344,3060800210,3000000
3307232,3348,3060800210,3000000
3307234,3350,3060800210,3000000
3307236,3352,3060800210,3000000
3307238,3354,3060800210,3000000
3307240,3358,3060800210,3000000
3308227,2991,3060800302,3060800316
3311213,25,3020100104,3023100302
3311282,1041B,3111800209,3000000
3311947,1,3080600108,3080600107
3312037,67,3002100304,3000000
3312041,43,3002100326,3000000
3312921,601,3025500101,3025500122
3312970,987,3028502124,3028502123
3313201,713,3079601203,3079601201
3313521,654,3006500003,3006300003
3313604,497,3051300307,3000000
3313771,97-G1,3056300202,3000000
3313772,97-G2,3056300202,3000000
3313773,97-G3,3056300202,3000000
3313875,23-B1R,3048100301,3000000
3313878,9212L,3048100202,3000000
3319093,1087,3089200302,3109800214
3319094,1083,3089200302,3109800214
3320120,7500,3026800201,3026800205
3320121,2102,3026800201,3026800205
3320887,55,3002100326,3000000
3320896,23-B2L,3048100301,3000000
3320898,3345,3033000117,3033000115
3320899,3355,3033000117,3033000115
3320900,3365,3033000117,3033000115
5000031,561,5008100103,5008100112
5004009,4001/2,5007500303,5007500302
5004010,4041/2,5007500303,5000000
5015771,455,5002100117,5000600208
5019273,6401/2,5003300211,5000000
5019481,15,5004700120,5004700131
5021041,153,5017700131,5017700125
5021734,204,5017300129,5017300102
5021736,231,5017300131,5017300105
5021738,791,5017300109,5017300111
5021743,247,5017300130,5017300105
5021744,761,5017300124,5017300128
5022009,36,5018701113,5018701103
5022010,34,5018701113,5018701103
5022011,30,5018701113,5018701103
5026268,72,5017700126,5017700329
5029050,6,5018100138,5018100137
5033901,6A,5023100106,5000000
5037546,350,5030301147,5030301106
5037559,352,5030301147,5030301106
5038486,260,5029104404,5000000
5038489,1447,5029104407,5029104403
5038712,90,5029104191,5029104176
5038715,92,5029104191,5029104176
5038716,94,5029104191,5029104176
5038778,209,5029104176,5029104102
5038779,211,5029104176,5029104102
5038783,215,5029104176,5029104102
5038784,217,5029104176,5029104102
5040486,1264A,5030301132,5030301134
5040487,1264,5030301132,5030301134
5040567,55,5030302129,5030302124
5040569,311,5030302129,5030302114
5040945,291,5030302125,5030302114
5042459,1112,5029102165,5029102105
10171820,1,4071100101,4000000
5043422,15,5027301214,5027301215
5043423,17,5027301214,5027301215
5043515,26,5027301215,5027301214
5046350,94,5027900204,5027900205
5046862,2222,5022800130,5029103130
5049629,174,5027702152,5027702148
5050150,40,5027702130,5027702199
5051096,2500,5022800123,5022800128
5051580,145,5029102204,5000000
5051759,300,5029102947,5000000
5052318,1331,5000600145,5000600147
5056102,318,5002001117,5002001116
5056403,469,5003600119,5003600111
5057369,597,5002002150,5000000
5057947,1,5002001111,5002001112
5058017,850,5002002126,5002002154
5059473,12,5005000232,5005000102
5059474,14,5005000203,5005000102
5059475,16,5005000203,5005000102
5062618,407,5009601236,5009601238
5074671,2750,5013400319,5013400317
5074672,2742,5013400319,5013400317
5074673,2740,5013400319,5013400317
5074674,2738,5013400319,5013400317
5076785,83,5013800241,5013800214
5080387,129,5014605115,5014605103
5094065,3285A,5014607266,5014607269
5097660,11,5017008144,5017008245
5097661,15,5017008144,5017008245
5097776,56,5017008246,5017008143
5097777,52,5017008246,5017008143
5097778,50,5017008246,5017008143
5097779,46,5017008246,5017008143
5097780,44,5017008246,5017008143
5100278,1323,5022800946,5000000
5101842,1,5017010330,5017010303
5102289,1876,5017010340,5017010331
5102504,115,5017010337,5017010317
5105760,80,5017005345,5017005351
5106557,191,5017600302,5017600444
5111884,97,5020803316,5020803308
5114717,2991,5022600110,5022600102
5116493,200,5022600345,5022600324
5116826,16,5024402203,5024402230
5117431,7015,5024401422,5024401403
5117664,444,5024402222,5024402250
5117754,374,5024402228,5024402208
5117761,358,5024402228,5024402208
5117762,376,5024402228,5024402208
5117763,378,5024402228,5024402208
5117778,380,5024402228,5024402208
5125169,14,4038302756,4038302754
5125170,30,4038302422,4038302411
5125171,34,4038302422,4038302411
5125790,163,2027300410,2027300405
5127435,4030,2045800132,2045800121
5127436,4034,2045800132,2045800121
5127535,291,3090600207,3090600205
5127587,15,1009200301,1009200310
5127990,241,3019300301,3019300203
5129629,625,1022302403,1022302408
5129674,61,3039100107,3039100108
5129730,23-B1L,3048100301,3000000
5130569,100,2040900104,2000000
5130852,355,1031704911,1031704918
5130882,2,1000800136,1000800139
5130882,6,1000800136,1000800139
5131015,2474,2039300101,2039300105
5131670,332,4091601157,4000000
5131672,330,4091601157,4000000
5134409,6000,3066600106,3066600116
5134591,70,2043500917,2043500997
5134592,71,2043500146,2043500181
5135815,4,3001500216,3001500229
5136651,70-02,4062500112,4062500104
5137833,5810,3094402106,3094402104
5137836,5806,3094402106,3094402104
5137838,5706,3094402107,3094402105
5137839,5803,3094402101,3094402109
5137910,1,1023801967,1023801927
5138690,1768,3036100302,3036100312
5138699,1774,3036100301,3036100312
5139292,603,3025500101,3025500122
5139669,17-10,4010701133,4000000
5139689,23-01,4010701134,4010701117
5140056,145,2024900101,2024900102
5140057,155,2024900101,2024900102
5140058,175,2024900101,2024900102
5140059,121,2024900101,2024900102
5140067,185,2024900101,2024900102
5140070,187,2024900101,2024900102
5140439,31,5022600113,5000000
5140734,773,5017300124,5017300111
5140749,235,5017300131,5017300105
5140753,200,5017300129,5017300102
5140757,184,5017300129,5017300102
5141605,547REAR,5007000370,5007000369
5141606,545REAR,5007000370,5007000369
5141655,965,2013300313,2013300306
5141988,20,1001600417,1001600415
5142055,166,4099802309,4000000
5142056,168,4099802309,4000000
5142100,850REAR,5002002156,5002002154
5142368,615,2036902110,2036902102
5142369,1811,2036902110,2036902108
5142845,1-02,4008700204,4008700214
5143989,2931,1024302142,1024302141
5143996,2981A,1024302155,1024302161
5144029,2955,1024302157,1024302155
5144030,2945,1024302157,1024302142
5144031,2947,1024302157,1024302142
5144032,2951,1024302157,1024302155
5144034,2953,1024302157,1024302155
5144035,2957,1024302157,1024302155
5144829,20,4088400401,4088400405
5145234,455,3090800108,3090800110
5145699,131-84,4061800101,4000000
5145700,131-82,4061800101,4000000
5145701,131-78,4061800101,4000000
5145702,131-76,4061800101,4000000
5145704,131-74,4061800101,4000000
5145705,131-72,4061800101,4000000
5145706,131-70,4061800101,4000000
5145707,131-68,4061800101,4000000
5145777,131-02,4061800101,4000000
5145778,131-04,4061800101,4000000
5145779,131-10,4061800101,4000000
5145780,131-12,4061800101,4000000
5145783,131-14,4061800101,4000000
5145784,131-16,4061800101,4000000
5145785,131-18,4061800101,4000000
5145786,131-20,4061800101,4000000
5145787,131-22,4061800101,4000000
5145788,131-24,4061800101,4000000
5145789,131-26,4061800101,4000000
5145791,131-28,4061800101,4000000
5145792,131-30,4061800101,4000000
5145793,131-32,4061800101,4000000
5145794,131-34,4061800101,4000000
5145795,131-36,4061800101,4000000
5145796,131-38,4061800101,4000000
5145797,131-40,4061800101,4000000
5145798,131-42,4061800101,4000000
5145799,131-44,4061800101,4000000
5145800,131-46,4061800101,4000000
5145817,389,1007500911,1000000
5145913,144-49,4068000413,4068000429
5146714,70,3002100403,3000000
5150131,550,2011700545,2011700549
5150544,125,2024900101,2024900102
5150577,24711A,2038900201,2000000
5150675,2348,2033400914,2033400789
5151869,1,3005300147,3004700130
5152151,196-03,4047600911,4128300714
5152515,514,3113400304,3113400103
5153769,774,3107800214,3107800215
5154449,15,2000400223,2000200234
5154795,1,4038302292,4038302637
5155410,31-40,4090700134,4090700132
5155631,1213,3035200215,3000000
5155929,70,3005900102,3005900123
5155937,541,1023801936,1023801941
5155938,537,1023801936,1023801941
5156191,141-34,4094500113,4000000
5156430,2300,2033400970,2033400788
5157549,1,1014300195,1014300184
5158149,415,4091602970,4091602960
5159053,500,1006200926,1006200925
5159296,32,2046201298,2046201357
5159356,1,2046201298,2046201357
5159357,1A,2046201298,2046201357
5159358,1B,2046201298,2046201357
5159360,2,2046201298,2046201357
5159361,2A,2046201298,2046201357
5159362,2B,2046201298,2046201357
5159363,3,2046201298,2046201357
5159364,3A,2046201298,2046201357
5159365,3B,2046201298,2046201357
5159366,4,2046201298,2046201357
5159367,4A,2046201298,2046201357
5159368,4B,2046201298,2046201357
5159369,5,2046201298,2046201357
5159370,5A,2046201298,2046201357
5159371,5B,2046201298,2046201357
5159372,6,2046201298,2046201357
5159373,6A,2046201298,2046201357
5159374,6B,2046201298,2046201357
5159375,7,2046201298,2046201357
5159376,7A,2046201298,2046201357
5159377,7B,2046201298,2046201357
5159378,8,2046201298,2046201357
5159379,8A,2046201298,2046201357
5159380,8B,2046201298,2046201357
5159381,9,2046201298,2046201357
5159382,9A,2046201298,2046201357
5159383,9B,2046201298,2046201357
5159384,10,2046201298,2046201357
5159385,10A,2046201298,2046201357
5159386,10B,2046201298,2046201357
5159389,36,2046201298,2046201357
5159390,36A,2046201298,2046201357
5159391,36B,2046201298,2046201357
5159392,35,2046201298,2046201357
5159393,35A,2046201298,2046201357
5159394,35B,2046201298,2046201357
5159395,34,2046201298,2046201357
5159396,34A,2046201298,2046201357
5159397,34B,2046201298,2046201357
5159398,33,2046201298,2046201357
5159399,33A,2046201298,2046201357
5159400,33B,2046201298,2046201357
5159401,32A,2046201298,2046201357
5159402,32B,2046201298,2046201357
5159403,31,2046201298,2046201357
5159404,31A,2046201298,2046201357
5159405,31B,2046201298,2046201357
5159406,30,2046201298,2046201357
5159407,30A,2046201298,2046201357
5159408,30B,2046201298,2046201357
5159409,29,2046201298,2046201357
5159410,29A,2046201298,2046201357
5159411,29B,2046201298,2046201357
5159412,28,2046201298,2046201357
5159413,28A,2046201298,2046201357
5159414,28B,2046201298,2046201357
5159415,27,2046201298,2046201357
5159416,27A,2046201298,2046201357
5159417,27B,2046201298,2046201357
5159418,26,2046201298,2046201357
5159419,26A,2046201298,2046201357
5159420,26B,2046201298,2046201357
5159421,25,2046201298,2046201357
5159422,25A,2046201298,2046201357
5159423,25B,2046201298,2046201357
5159424,24,2046201298,2046201357
5159425,24A,2046201298,2046201357
5159426,24B,2046201298,2046201357
5159427,23,2046201298,2046201357
5159428,23A,2046201298,2046201357
5159429,23B,2046201298,2046201357
5159430,22,2046201298,2046201357
5159431,22A,2046201298,2046201357
5159432,22B,2046201298,2046201357
5159433,21,2046201298,2046201357
5159434,21A,2046201298,2046201357
5159435,21B,2046201298,2046201357
5159437,11,2046201298,2046201357
5159438,11A,2046201298,2046201357
5159439,11B,2046201298,2046201357
5159440,12,2046201298,2046201357
5159441,12A,2046201298,2046201357
5159442,12B,2046201298,2046201357
5159443,13,2046201298,2046201357
5159444,13A,2046201298,2046201357
5159445,13B,2046201298,2046201357
5159446,14,2046201298,2046201357
5159447,14A,2046201298,2046201357
5159448,14B,2046201298,2046201357
5159449,15,2046201298,2046201357
5159450,15B,2046201298,2046201357
5159451,16,2046201298,2046201357
5159452,16A,2046201298,2046201357
5159453,16B,2046201298,2046201357
5159454,17,2046201298,2046201357
5159455,17A,2046201298,2046201357
5159456,17B,2046201298,2046201357
5159457,18A,2046201298,2046201357
5159458,18B,2046201298,2046201357
5159459,19,2046201298,2046201357
5159460,19B,2046201298,2046201357
5159461,19A,2046201298,2046201357
5159462,20,2046201298,2046201357
5159463,20A,2046201298,2046201357
5159464,20B,2046201298,2046201357
5159530,439,4091601271,4091601353
5159531,438,4091601271,4091601353
5159535,4581/2,4091601271,4091601353
5159590,57,3061002207,3000000
5159670,488,4091601353,4091601271
5159822,7,1000900204,1000900220
5159975,C,2007100105,2000000
5159990,32A,1005700111,1004200207
5160079,520,2016000214,2013800147
5160326,68,3002100403,3000000
5160863,52,4091601111,4091601139
5160882,72,4091601191,4091601187
5160884,74,4091601191,4091601187
5161024,512,1009900244,1009900209
5161345,57-25,4097202225,4097202228
5161516,3-19,4093900116,4093900117
5161670,141-44,4094500113,4000000
5161694,3,4094500102,4000000
5161953,431,5001800924,5001800944
5161954,430,5001800944,5001800924
5162118,222A,2011700505,2011700506
5162433,119-04,4077500204,4077500106
5162733,68-19A,4051100101,4000000
5163078,3333,1022302403,1000000
5163079,238-11,4156700194,4000000
5163331,428,1006200107,1006200117
5163641,10A,1000500964,1000500974
5163642,10B,1000500964,1000500974
5163763,65-18,4051700106,4000000
5163764,65-10,4051700106,4000000
5163993,610,4099900928,4099900100
5164226,635,4099900941,4000000
5164230,313,4099900939,4099900903
5164474,3285C,5014607266,5014607269
5164742,460,3054700212,3054700211
5164782,1000S,5009700138,5009700136
5164783,1000L,5009700138,5009700136
5165124,163-47,4033402152,4033402161
5165125,163-49,4033402152,4033402161
5165271,19,2030900405,2030900409
5165395,1,2030900409,2000000
5165468,210,5024800103,5024800214
5165651,98F,5017600442,5017600448
5165653,98G,5017600442,5017600448
5165786,23-B2R,3048100301,3000000
5165804,45,3002100326,3000000
5165814,823,1009000111,1009000114
5165879,489,3080800107,3080800104
5165928,56,5020803300,5020803305
5165931,830,1007900325,1007900315
5165932,832,1007900325,1007900315
5165936,820,1007900325,1007900315
5165937,826,1007900325,1007900315
5166048,130A,5031901119,5000000
5166049,130B,5031901119,5000000
5166091,18GAR,5011401228,5011401213
5166123,272,3038100210,3038100222
5166124,258,3038100220,3038100221
5166125,324,3038100220,3038100217
5166242,146-49,4120100108,4120100105
5166355,842,2004600121,2000000
5166359,834,2004600128,2004600121
5166360,838,2004600128,2004600121
5166361,840,2004600128,2004600121
5166380,768,2002000210,2002000220
5166381,770,2002000210,2002000220
5166382,772,2002000210,2002000220
5166383,774,2002000210,2002000220
5166390,216-02,4054000201,4054000203
5166391,1677,2002000211,2002000207
5166418,110-01,4074700108,4074500115
5166419,110-05,4074700108,4074500115
5166483,905GAR,2013300203,2013300204
5166492,155-12,4122702208,4122702235
5166527,8,3028502103,3028502105
5166530,54,3028502120,3028502119
5166615,39-49,4016900210,4016900212
5166622,1-55,4000100119,4000100226
5166635,88-32,4162100213,4162100216
5166684,99,3031100110,3031100104
5166767,47,3002100421,3002100455
5166810,6111,2031900907,2031900906
5166818,980,2015900103,2015900104
5167065,59-14,4096400145,4097203144
5167099,82-19,4032900129,4032900103
5167233,2-16,4000100203,4000100301
5167237,5-29,4000700404,4000700444
5167238,5-49,4000700404,4000700402
5167239,5-19,4000700404,4000700444
5167240,5-25,4000700404,4000700444
5167243,21-31,4001900104,4001900168
5167244,21-33,4001900104,4001900168
5167245,21-35,4001900104,4001900168
5167248,30-25,4019900185,4019900112
5167249,30-27,4019900185,4019900112
5167270,7,1024000235,1024000231
5167275,108-10,4086400115,4086400113
5167284,139-30,4065000212,4000000
5167286,139-32,4065000212,4000000
5167334,718,4107201111,4000000
5167435,102,4099802317,4000000
5167435,108,4099802317,4000000
5167444,95-15,4094201906,4094201372
5167446,97-07,4094201140,4094201139
5167487,301,4095400257,4095400253
5167495,183,4096400241,4096400157
5167500,185,4096400241,4096400157
5167533,166,4096400230,4096400241
5167552,6415,4096400216,4096400231
5167553,6417,4096400216,4096400231
5167558,6511,4096400216,4096400220
5167559,6513,4096400216,4096400220
5167560,6515,4096400216,4096400220
5167562,6516,4096400238,4096400133
5167563,6514,4096400238,4096400133
5167564,6512,4096400238,4096400133
5167621,6213,4096400247,4096400213
5167647,6527,4096400215,4096400243
5167648,6525,4096400215,4096400243
5167700,6425,4096400215,4096400221
5167701,6402,4096400231,4096400216
5167702,6404,4096400231,4096400216
5167703,6406,4096400231,4096400216
5167740,448,4093401113,4093402205
5167761,97-01,4094201152,4094201151
5167771,231,4091601160,4000000
5167772,414,4091601156,4000000
5167774,169-64,4091601150,4000000
5167775,169-60,4091601150,4000000
5167776,169-44,4091601168,4000000
5167777,169-56,4091601168,4000000
5167778,169-36,4091601168,4000000
5167779,169-40,4091601168,4000000
5167780,169-32,4091601168,4000000
5167790,149-25,4091800970,4091800939
5167850,41-00,4003700112,4002500120
5167854,4-01,4000100807,4000100266
5167870,175-04,4107202943,4107202942
5167952,23,5022300114,5022300115
5167999,2701-A1,5032300950,5000000
5168000,2701-A2,5032300950,5000000
5168001,2701-A3,5032300950,5000000
5168002,2701-A4,5032300950,5000000
5168003,2701-A5,5032300950,5000000
5168004,2701-A6,5032300950,5000000
5168005,2701-A7,5032300950,5000000
5168006,2701-A8,5032300950,5000000
5168007,2701-A9,5032300950,5000000
5168008,2701-A10,5032300950,5000000
5168009,2701-B1,5032300948,5000000
5168010,2701-B2,5032300948,5000000
5168011,2701-B4,5032300948,5000000
5168012,2701-B5,5032300948,5000000
5168013,2701-B3,5032300948,5000000
5168014,2701-B6,5032300948,5000000
5168015,2701-B7,5032300948,5000000
5168016,2701-B8,5032300948,5000000
5168017,2701-B9,5032300948,5000000
5168018,2701-B10,5032300948,5000000
5168019,2701-B11,5032300948,5000000
5168020,2701-C1,5032300948,5000000
5168021,2701-C3,5032300948,5000000
5168022,2701-C4,5032300948,5000000
5168023,2701-C5,5032300948,5000000
5168024,2701-C2,5032300948,5000000
5168025,2701-C6,5032300948,5000000
5168026,2701-C7,5032300948,5000000
5168027,2701-C8,5032300948,5000000
5168028,2701-C9,5032300948,5000000
5168029,2701-C10,5032300948,5000000
5168030,2701-C11,5032300948,5000000
5168032,2701-C12,5032300948,5000000
5168033,2701-D1,5032300936,5000000
5168034,2701-D2,5032300936,5000000
5168035,2701-D3,5032300936,5000000
5168036,2701-D4,5032300936,5000000
5168037,2701-D5,5032300936,5000000
5168040,2701-D6,5032300936,5000000
5168041,2701-D7,5032300936,5000000
5168042,2701-D8,5032300936,5000000
5168043,2701-D9,5032300936,5000000
5168044,2701-D10,5032300936,5000000
5168045,2701-D11,5032300936,5000000
5168046,2701-D12,5032300936,5000000
5168047,2701-D13,5032300936,5000000
5168048,2701-D14,5032300936,5000000
5168049,2701-D15,5032300936,5000000
5168050,2701-D16,5032300936,5000000
5168051,2701-D17,5032300936,5000000
5168052,2701-D18,5032300936,5000000
5168053,2701-E1,5032300936,5000000
5168054,2701-E2,5032300936,5000000
5168056,2701-E3,5032300936,5000000
5168057,2701-E4,5032300936,5000000
5168058,2701-E5,5032300936,5000000
5168059,2701-E6,5032300936,5000000
5168060,2701-E7,5032300936,5000000
5168061,2701-E8,5032300936,5000000
5168062,2701-E9,5032300936,5000000
5168063,2701-E10,5032300936,5000000
5168064,2701-E11,5032300936,5000000
5168065,2701-E12,5032300936,5000000
5168066,2701-E13,5032300936,5000000
5168067,2701-E14,5032300936,5000000
5168068,2701-E15,5032300936,5000000
5168069,2701-E16,5032300936,5000000
5168071,2701-E17,5032300936,5000000
5168072,2701-E18,5032300936,5000000
5168073,2701-E19,5032300936,5000000
5168074,2701-F1,5032300947,5000000
5168075,2701-F2,5032300947,5000000
5168076,2701-F3,5032300947,5000000
5168077,2701-F5,5032300947,5000000
5168078,2701-F6,5032300947,5000000
5168079,2701-F4,5032300947,5000000
5168081,2701-F7,5032300947,5000000
5168082,2701-F8,5032300947,5000000
5168083,2701-F9,5032300947,5000000
5168084,2701-F10,5032300947,5000000
5168085,2701-F11,5032300947,5000000
5168086,2701-F12,5032300947,5000000
5168087,2701-F13,5032300947,5000000
5168089,2701-F14,5032300947,5000000
5168090,2701-F15,5032300947,5000000
5168091,2701-F16,5032300947,5000000
5168092,2701-F17,5032300947,5000000
5168093,2701-F18,5032300947,5000000
5168095,2701-F19,5032300947,5000000
5168096,2701-F20,5032300947,5000000
5168097,2701-G1,5032300947,5000000
5168099,2701-G2,5032300947,5000000
5168100,2701-G3,5032300947,5000000
5168102,2701-G4,5032300947,5000000
5168103,2701-G5,5032300947,5000000
5168104,2701-G6,5032300947,5000000
5168105,2701-G7,5032300947,5000000
5168106,2701-G8,5032300947,5000000
5168107,2701-G9,5032300947,5000000
5168108,2701-G10,5032300947,5000000
5168109,2701-G11,5032300947,5000000
5168110,2701-G12,5032300947,5000000
5168111,2701-G13,5032300947,5000000
5168112,2701-G14,5032300947,5000000
5168113,2701-G15,5032300947,5000000
5168114,2701-G16,5032300947,5000000
5168115,2701-G17,5032300947,5000000
5168116,2701-G18,5032300947,5000000
5168117,2701-G19,5032300947,5000000
5168118,2701-G20,5032300947,5000000
5168119,2701-H1,5032300950,5000000
5168120,2701-H2,5032300950,5000000
5168121,2701-H3,5032300950,5000000
5168122,2701-H4,5032300950,5000000
5168123,2701-H5,5032300950,5000000
5168124,2701-H6,5032300950,5000000
5168125,2701-H7,5032300950,5000000
5168126,2701-H8,5032300950,5000000
5168127,2701-H9,5032300950,5000000
5168128,2701-H10,5032300950,5000000
5168129,2701-H11,5032300950,5000000
5168130,2701-H12,5032300950,5000000
5168131,2701-H13,5032300950,5000000
5168132,2701-H14,5032300950,5000000
5168133,2701-H15,5032300950,5000000
5168134,2701-H16,5032300950,5000000
5168135,2701-H17,5032300950,5000000
5168136,2701-H18,5032300950,5000000
5168155,7,5002700201,5002700204
5168156,9,5002700201,5002700204
5168160,845,5000600138,5000600135
5168161,200,5029102943,5029102825
5168165,376,5003600100,5003600120
5168258,266,5029102947,5000000
5168259,172,5029102947,5000000
5168260,180,5029102947,5000000
5168490,2,5015603143,5015603172
5168490,4,5015603143,5015603172
5168788,2,3021100104,3002901226
5168800,2,3004700130,3004700113
5168801,100,3004700124,3004700122
5168803,90,3004700130,3004700117
5168963,5324,3001800802,3001800134
5168964,30,3001800802,3001800134
5168965,5312,3001800802,3001800134
5169234,2065,3061600111,3061600135
5169235,2055,3061600111,3061600135
5169236,2105,3061600111,3061600135
5169237,2101,3061600111,3061600135
5169239,2085,3061600111,3061600135
5169269,2980,3034200201,3034200203
5169280,1505,3035200205,3035200221
5169308,301,3035200106,3036001103
5169309,173,3035200106,3035200116
5169320,701,3061002105,3061002104
5169356,3333A,1022302408,1022302403
5169357,3333B,1022302407,1022302403
5169358,3333C,1022302406,1022302403
5169364,901,1015100800,1015100900
5169394,544,1011700116,1011700121
5169435,280,1009900136,1009900134
5169435,298,1009900136,1009900134
5169524,201,1031703925,1031703905
5169541,66,1001501123,1001501115
5169603,2403,2005100927,2005100905
5169675,89,1009200301,1009200314
5169682,1300,2028400976,2028400921
5169683,1310,2028400976,2028400921
5169685,5,2045600133,2045600127
5169805,204,2009000209,2009000206
5169848,96,2011800315,2011800313
5169851,94,2011800315,2011800313
5169852,1,2011800307,2011800305
5170000,25,1024000173,1024000959
5170010,728A,3082200106,3082200103
5170084,200,1024200105,1024200123
5170260,1,3001800253,3001800107
5170296,2,5000300128,5000300106
5170344,66-26,4024300124,4024300105
5170389,835,1012200302,1014300108
5170396,1555,1013800204,1013800202
5170534,1,1012900802,1012900905
5170561,1590,1018200311,1018200306
5170563,1580,1018400303,1018400301
5170601,110,1014300178,1014300179
5170602,100,1014300178,1014300179
5170603,45,1014300207,1014300159
5170844,1980,3069602169,3069602171
5170868,1270,2009300331,2009300324
5170932,39-04,4017100161,4017100171
5171007,787,3109800132,3109800121
5171008,789,3109800132,3109800121
5171034,61-07,4060100104,4060100103
5171045,129-04,4016400104,4017000203
5171204,96,1006100108,1006100105
5171224,272,2046201318,2046201255
5171239,55,1014500105,1014900212
5171336,218,3117602205,3117602203
5171388,250,2046201318,2046201255
5171389,260,2046201318,2046201255
5171390,270,2046201318,2046201255
5171487,10,1015100107,1015100129
5171540,300,1031703945,1031703947
5171599,3832,3059600301,3059600304
5171609,1241,3038500302,3000000
5171610,1242,3038500302,3000000
5171616,34,1005700111,1004200207
5171618,29,1009900802,1009900937
5171621,1805,3038100305,3038100207
5171628,512,1021200203,1021200204
5171655,549,1012900800,1012900900
5171715,226,1014700101,1014700104
5171768,131,1015500125,1015500115
5171792,1888,3090800106,3090800102
5171927,16,2005300926,2005300902
5172019,179,3028501105,3028501104
5172061,188,3044900434,3044900437
5172223,118,3011900223,3011900239
5172229,96,3040500108,3040500105
5172278,88,3040500108,3040500105
5172289,770,2013500404,2013500402
5172389,26191,3040200206,3000000
5172390,26192,3040200206,3000000
5172400,360,3107000232,3107000262
5172447,6404,4096400245,4096400247
5172449,6402,4096400245,4096400247
5172521,5036,3069800120,3000000
5172572,328,1019100901,1019100501
5172577,350,1027900103,1027900101
5172579,79-40,1014300185,1014300129
5172634,210,1028100106,1028100104
5172634,212,1028100106,1028100104
5172675,1041,1019701104,1019701103
5172687,671,1028300107,1028300110
5172777,7111,3120800209,3000000
5172778,7112,3120800209,3000000
5172779,7132,3120800209,3000000
5172830,755,3120800221,3120800231
5172830,763,3120800221,3120800231
5172882,151,1014300228,1014300223
5172937,46,1008602409,1008602419
5172938,48,1008602409,1008602419
5172943,700,3005300145,3005300126
5173156,2501INTER-B,3030800120,3030800112
5173269,450,3088000305,3088000002
5173518,61,4157903411,4000000
5173634,20,5020803207,5020803211
5173635,18,5020803207,5020803211
5173636,14,5020803207,5020803211
5173697,133-20,4079702202,4079702210
5173698,133-22,4079702202,4079702210
5173753,40,1002900505,1002900506
5173756,31-01,4010701115,4010701114
5173844,142,1013700201,1013700206
5173891,1,3001500112,3001500114
5173954,103,1002100201,1002100229
5173955,101,1002100201,1002100229
5173956,99,1002100201,1002100229
5174078,59-47,4045500101,4045500106
5174120,179,2046201199,2046201173
5174330,129A,1015802106,1000000
5174438,67-34,4061301106,4061301105
5174514,25-03,4009500124,4000000
5174833,147,1013100105,1013100103
5174834,145,1013100105,1013100103
5175321,51-24B,4025500108,4025500106
5175470,500,2011000999,2011000932
5175725,38-54,4003700112,4003700104
5175726,24-30,4029700130,4029700131
5175755,930,5027301242,5027301223
5175848,72-51,4077907713,4077907708
5175953,1090,2009300958,2009300190
5176260,7,3001500112,3001500114
5176306,7-02,4098700115,4098700116
5176382,107-02,4025400106,4025400109
5176405,100,1005501204,1005501202
5176417,1964,1016200311,1016200308
5176418,1962,1016200311,1016200308
5176479,29-21,4003300104,4000000
5176557,225,1009300303,1009300302
5177060,55,2005300911,2005300921
5177087,8923,3029400128,3029400210
5177088,8959,3029400128,3029400210
5177167,3600,2043500105,2043500975
5177213,989,3011600202,3011600201
5177214,987,3011600202,3011600201
5177351,28-31,4007100403,4007100409
5177552,29-64,4109300139,4109300138
5177595,214-07,4099703309,4000000
5177597,214-09,4099703309,4000000
5177598,214-11,4099703309,4000000
5177711,670,2001900968,2001900230
5177958,885,2001900126,2001900160
5178018,41-14,4146700116,4112900207
5178020,41-16,4146700116,4112900207
5178075,97-22,4003800110,4003800111
5178108,25,5018100211,5018100223
5178112,15,5018100211,5018100223
5178295,2407,2005100927,2005100905
5178463,13-10,4010701114,4010701126
5178699,360,2033500149,2033500108
5178700,370,2033500149,2033500108
5178701,390,2033500149,2033500108
5178771,2214,2046201253,2046201354
5178772,2220,2046201253,2046201354
5178773,2228,2046201253,2046201354
5178774,2240,2046201253,2046201354
5178776,2260,2046201253,2046201354
5178777,2264,2046201253,2046201354
5178778,2266,2046201253,2046201354
5178779,2268,2046201253,2046201354
5178780,2272,2046201253,2046201354
5178781,2276,2046201253,2046201354
5178805,2500,2026900212,2026900201
5178865,1500,2028400984,2029600112
5178968,2701,2035600120,2035600127
5178992,5999,2028500120,2035100106
5179114,1994,2004200117,2004200156
5179261,1A,2046201321,2046201320
5179262,1B,2046201321,2046201320
5179263,2,2046201321,2046201320
5179264,2A,2046201321,2046201320
5179265,2B,2046201321,2046201320
5179266,3,2046201321,2046201320
5179267,3A,2046201321,2046201320
5179268,3B,2046201321,2046201320
5179269,4,2046201321,2046201320
5179270,4A,2046201321,2046201320
5179271,4B,2046201321,2046201320
5179272,5,2046201321,2046201320
5179273,5A,2046201321,2046201320
5179274,5B,2046201321,2046201320
5179275,6,2046201321,2046201320
5179276,6A,2046201321,2046201320
5179277,6B,2046201321,2046201320
5179308,125A,2000400124,2000000
5179310,121A,2000400124,2000000
5179316,111A,2000400124,2000000
5179319,105A,2000400124,2000000
5179356,87A,2000400115,2000000
5179360,118A,2000400115,2000000
5179362,114A,2000400115,2000000
5179394,1230,2019900502,2021100301
5179427,1325C,2015100503,2015100502
5179456,1710,2006400101,2007600207
5179498,2060,2022404304,2022404302
5179508,2441B,2033000201,2000000
5179512,2556,2032800104,2032800106
5179556,320,2046201255,2046201166
5179559,3040,2034400104,2034400101
5179643,2727,5022600343,5022600117
5179645,280,3038100210,3038100222
5179734,169,2046201199,2046201173
5179735,173,2046201199,2046201173
5179736,175,2046201199,2046201173
5179753,930,2011502124,2011900701
5179788,140,2030200146,2030200174
5179929,1650,2028400904,2028400108
5179944,1915,2029600207,2029600202
5180020,896,2036300302,2036300601
5180176,730,2039300101,2039300105
5180283,722,4003800110,4003800111
5180414,1659,2035600122,2035600121
5180420,150,2006300129,2006300125
5180513,1A,2046201290,2046201304
5180514,1B,2046201290,2046201304
5180515,2A,2046201290,2046201304
5180516,2B,2046201290,2046201304
5180517,3A,2046201290,2046201304
5180520,4A,2046201290,2046201304
5180521,3B,2046201290,2046201304
5180522,4B,2046201290,2046201304
5180523,5A,2046201290,2046201304
5180524,5B,2046201290,2046201304
5180525,6A,2046201290,2046201304
5180526,6B,2046201290,2046201304
5180547,2836,2040303203,2040303202
5180555,2838,2040303203,2040303202
5180558,700,2051600913,2051600119
5180593,1328,2022200113,2022200119
5180594,1316,2022200113,2022200119
5180603,116,2007200104,2007200105
5180605,100,2007200104,2007200105
5180632,1275A,2017701401,2017901201
5180644,3697,2048400127,2048400136
5180757,1324,2022200113,2022200119
5180788,1,2011800207,2000000
5180789,65,2021602214,2021602201
5180790,67,2021602214,2021602201
5180791,69,2021602214,2021602201
5180793,71,2021602214,2021602201
5180794,75,2021602203,2021602201
5180809,1448,2021200101,2021200108
5180814,1460,2021200119,2021200108
5180815,1470,2021200119,2021200108
5180817,1498,2021200119,2021200108
5180986,2408,2039300101,2039300105
5181136,127,2046201199,2046201173
5181278,100,2009300958,2009300959
5181285,590,2006300175,2006300119
5181374,9,2050400909,2050400910
5181419,1629,3040700106,3040500112
5181420,1415,2027402102,2027402111
5181489,98,2011800315,2011800313
5181497,150,2011800403,2000000
5181574,1218,2012500102,2012500101
5181579,1226,2012500102,2012500101
5181595,3119,2040900115,2040900106
5181599,3191,2040900109,2040900106
5181604,745,2038000212,2038000225
5181641,36,2020000125,2020000118
5181834,1586,2021502408,2021502404
5181835,1584,2021502408,2021502404
5181880,1311,2028400908,2028400958
5181974,1520,2005002404,2005002403
5182041,2040,2022404303,2023000218
5182067,3824,2039600302,2039600301
5182175,2,2001900935,2001900141
5182184,27A,2046201321,2046201305
5182185,27B,2046201321,2046201305
5182186,28A,2046201321,2046201305
5182204,14A,2046201284,2046201305
5182205,14B,2046201284,2046201305
5182206,15A,2046201284,2046201305
5182207,15B,2046201284,2046201305
5182208,16A,2046201284,2046201305
5182209,16B,2046201284,2046201305
5182210,17B,2046201284,2046201305
5182211,18B,2046201284,2046201305
5182213,25B,2046201321,2046201305
5182214,26B,2046201321,2046201305
5182215,19B,2046201284,2046201305
5182216,20B,2046201321,2046201305
5182217,21A,2046201321,2046201305
5182218,21B,2046201321,2046201305
5182219,22A,2046201321,2046201305
5182220,22B,2046201321,2046201305
5182221,23A,2046201321,2046201305
5182222,23B,2046201321,2046201305
5182223,24A,2046201321,2046201305
5182224,24B,2046201321,2046201305
5182377,651,2006300175,2006300139
5182381,654,2006300119,2006300201
5182382,662,2006300119,2006300201
5182453,890,2014100105,2014100106
5182564,1260,2028400984,2028400921
5182582,1,2009300811,2009300324
5182619,3182,2042901101,2042500104
5182846,2,3004700130,3004700133
5182905,245,5022600320,5022600318
5182906,185,5022600320,5022600318
5182907,205,5022600320,5022600318
5183029,57-28,4047500111,4047500112
5183148,1242,3042300201,3042300204
5183167,290,3005300809,3005300146
5183206,3177,3061004505,3061003504
5183222,15,3000301111,3000301109
5183374,31-22,4090700229,4090700209
5183400,272-40,4155101100,4155101102
5183691,29-70,4017100102,4017100110
5183960,507A,3119600401,3000000
5183993,10,1000900223,1000900220
5184046,13,1000500964,1000500950
5184173,10,1004700103,1004700104
5184174,20,1004700103,1004700104
5184175,30,1004700103,1004700104
5184176,40,1004700103,1004700104
5184178,50,1004700103,1004700104
5184271,5283,3094401105,3094401124
5184345,412,4148300130,4148300129
5184376,195-10L,4134700231,4134700258
5184455,511,1012900204,1012900210
5184483,220,5027702178,5027702148
5184484,1111,3017100304,3017100302
5184537,196-12,4134700231,4134700211
5184540,196-24,4134700231,4134700211
5184552,17,4072300104,4073700212
5184759,200,1012500211,1012500210
5184848,170,4099802309,4000000
5184894,3-19B,4093900116,4093900117
5184895,3-19A,4093900116,4093900117
5184903,3-17B,4093900116,4000000
5185200,20-21,4102900215,4102900216
5185256,211-43,4054200431,4054200436
5185257,211-41,4054200431,4054200436
5185341,247-04,4065600115,4065400114
5185342,247-06,4065600115,4065400114
5185344,247-10,4065600115,4065400114
5185345,247-12,4065600115,4065400114
5185346,247-16,4065600115,4065400114
5185347,247-18,4065600115,4065400114
5185348,247-22,4065600115,4065400114
5185349,247-24,4065600115,4065400114
5185360,566,5029102954,5029102938
5185368,540G,5029102953,5029102938
5185369,546,5029102953,5029102938
5185370,526,5029102962,5029102938
5185465,37,1001600417,1001600418
5185510,78,1001502010,1001502110
5185521,36,1000202103,1000202315
5185608,10,5000600149,5000600145
5185817,122-04,4038302600,4038302218
5185913,745,1009100102,1009100105
5186199,114-01,4092900118,4092900101
5186200,114-03,4092900118,4092900101
5186201,114-05,4092900118,4092900101
5186202,114-07,4092900118,4092900101
5186242,109,5013201311,5013201315
5186246,368,5001100301,5001100304
5186285,33,3002100322,3000000
5186286,35,3002100322,3000000
5186344,18,3002100322,3002100351
5186475,105B,2000400124,2000000
5186478,111B,2000400124,2000000
5186483,121B,2000400124,2000000
5186485,125B,2000400124,2000000
5186489,87B,2000400115,2000000
5186490,118B,2000400115,2000000
5186492,114B,2000400115,2000000
5186636,1710,2006400101,2007600207
5186928,81,5017005351,5017005345
5187269,19,5012100219,5012100220
5187304,66,2016100102,2016100104
5187305,70,2016100102,2016100104
5187306,74,2016100102,2016100104
5187520,53,5027301115,5027301108
5187607,725,2006300269,2006300290
5187694,21,5031902219,5031902215
5187696,37,5031902219,5031902215
5188004,130,3016400131,3000000
5188096,61,4101002207,4101002204
5188098,63,4101002207,4101002204
5188100,65,4101002207,4101002204
5188131,1743,3029700208,3029700209
5188132,1747,3029700208,3029700209
5188133,1751,3029700208,3029700209
5188314,168-42,4099100106,4099100202
5188315,168-48,4099100106,4099100202
5188316,168-50,4099100106,4099100202
5188317,168-56,4099100106,4099100202
5188340,1711,3029700208,3029700209
5188400,6B,5023100106,5000000
5188511,14,5002100135,5002100222
5188516,2086,5005000147,5005000133
5188520,110,5012200315,5012200104
5188522,54,5013204536,5013204207
5188526,45,5019800367,5019800366
5188528,16,5022600009,5024800006
5188530,1,5024800224,5024800201
5188558,15-03,4101700115,4101700102
5188609,32-02,4004500103,4003700106
5188695,6,5017600460,5017600459
5188696,10,5017600460,5017600459
5188697,12,5017600460,5017600459
5188698,18,5017600460,5017600459
5188699,20,5017600460,5017600459
5188700,26,5017600460,5017600459
5188701,30,5017600460,5017600459
5188702,32,5017600460,5017600459
5188758,165,5022600320,5022600318
5188798,83-14,4050700112,4050700113
5188820,4401,5029102984,5029102945
5188913,78A,4071600704,4071600595
5188914,78B,4071600704,4071600595
5188915,79,4071600704,4071600695
5188916,76,4071600704,4071600715
5188993,600,5022800938,5000000
5188994,450,5022800938,5000000
5188995,1000,5022800946,5000000
5189124,1375,2009300146,2009300143
5189140,47,5022600342,5022600204
5189272,5718,3011600203,3000000
5189327,550,2009300958,2009300959
5189398,140,3044900212,3044900215
5189400,633,1015100107,1015100132
5189427,30A,5027702184,5000000
5189444,500,5003600004,5002001113
5189603,60-10,4056100202,4056100127
5189791,104,1024000167,1024000169
5189800,307,5030302129,5030302114
5189845,50,2009300958,2009300959
5189854,553,1009900150,1009900143
5189855,545,1009900150,1009900143
5189856,532,1009900128,1009900126
5189862,98,1008300303,1008300305
5189877,115,2043500143,2043500981
5189956,121,5018100201,5018100228
5190012,2,5002001905,5002001906
5190013,4,5002001905,5002001906
5190035,25,3055100211,3055100208
5190433,311A,5030302129,5030302114
5190434,311B,5030302129,5030302114
5190568,280,5007400162,5007400166
5190775,420,3001800401,3001800137
5190802,23,5015601321,5015601306
5190947,48,1024000142,1024000212
5190957,1675A,2002000211,2002000207
5190958,1675B,2002000211,2002000207
5190959,1673A,2002000211,2002000207
5190960,1673B,2002000211,2002000207
5190961,1671A,2002000211,2002000207
5190962,1671B,2002000211,2002000207
5190963,728A,2002000211,2002000207
5190964,728B,2002000211,2002000207
5190965,730A,2002000211,2002000207
5190966,730B,2002000211,2002000207
5190967,732A,2002000211,2002000220
5190968,732B,2002000211,2002000220
5190969,734A,2002000211,2002000220
5190970,734B,2002000211,2002000220
5190971,736A,2002000211,2002000220
5190972,736B,2002000211,2002000220
5191008,501,1009900150,1009900147
5191037,100,3017700135,3017700109
5191075,78A,5030302140,5000000
5191122,1,4030600413,4000000
5191123,145B,5027900137,5000000
5191124,145C,5027900137,5000000
5191125,145D,5027900137,5000000
5191270,5040GAR,2030701105,2030701116
5191461,3068,3034800114,3034800113
5191542,6,1000900803,1000900912
5191544,85,3061002202,3000000
5191545,80,3061002202,3000000
5191556,508,1009900144,1009900118
5191557,507,1009900144,1009900118
5191559,20,1000900803,1000900912
5191687,50A,1001300310,1000000
5192203,3082,3057000302,3056800102
5192328,5910,3093600108,3093600101
5192415,360,1028700802,1028700911
5192454,123-40,4038302592,4038302218
5192455,121-22,4038302379,4038302218
5192457,122-10,4038302379,4038302218
5192460,122-02,4038302379,4038302218
5192461,82-09,4022001102,4022001204
5192473,122-12,4038302592,4038302218
5192474,123-50,4038302592,4038302218
5192475,123-34,4038302592,4038302218
5192476,123-32,4038302591,4038302218
5192480,12,3040500107,3040500121
5192482,121-10,4038302112,4038302218
5192488,121-16,4038302379,4038302218
5192489,122-14,4038302592,4038302218
5192664,9945,3016200182,3016200117
5192746,59-02,4045500108,4045500107
5192792,20-41,4099802206,4099802216
5192817,969B,3112000206,3000000
5192861,3335,3033000117,3033000115
5193075,252,3048500202,3048500204
5193086,340,3061200112,3061200109
5193155,408,3026300102,3026300101
5193182,129-10,4014201207,4014201206
5193191,1120,5014700230,5014700220
5193195,850,5022800924,5022800917
5193197,440,5019800255,5019800274
5193198,440B,5019800276,5019800274
5193199,440C,5019800276,5019800274
5193201,280F,5007400240,5007400166
5193204,280E,5007400162,5007400166
5193211,1,5027301268,5027301239
5193218,230,5020803297,5020803230
5193366,20,2018900109,2006300152
5193366,30,2018900109,2006300152
5193422,640,5007000236,5007000168
5193425,642,5007000199,5007000168
5193440,102,1001501800,1001501131
5193463,244B,1001800208,1000000
5193465,244A,1001800208,1000000
5193537,200,2046201318,2046201255
5193590,15A,2046201298,2046201357
5193598,778C,2007100105,2000000
5193615,1100,3122000308,3122000310
5193693,1,2013800123,2013800113
5193700,2,2013800123,2013800113
5193771,156,1006500303,1006500304
5193786,57,5027301115,5027301108
5193787,59,5027301115,5027301108
5193788,63,5027301115,5027301108
5193789,65,5027301115,5027301108
5193790,69,5027301115,5027301108
5193791,71,5027301115,5027301108
5193796,3540,1022900104,1022900103
5193817,4200,1026300114,1026300113
5193818,4206,1026300112,1026300114
5193819,4202,1026300107,1026300114
5193820,4204,1026300109,1026300114
5193821,4208,1026300112,1026300107
5193832,144,1000500807,1000500938
5193833,142,1000500806,1000500938
5193950,2901,2014400302,2014400215
5193992,298,1000500961,1000500950
5194000,13,1000500964,1000500950
5194046,888A,2005902101,2000000
5194068,2499,2033000106,2033000203
5194071,120,2007200104,2007200105
5194172,3969,2045600103,2045600128
5194273,1372,2011700203,2011700205
5194276,3,1000500964,1000500966
5194301,57,3053100101,3054300164
5194311,960,2015900306,2015900303
5194707,44,1007900325,1007900315
5194734,3761,1029900204,1029900206
5194784,712,1021900116,1021900915
5194803,235A,1022800302,1000000
5194804,698,1022302904,1022302909
5194866,132,1000800129,1000800147
5194868,110,3044900445,3044900424
5194950,1845,1024200210,1024200205
5194969,468,1007200103,1007200104
5195052,170,3003100303,3003100301
5195063,87,1009200301,1009200310
5195116,331,1013300203,1013300202
5195166,141,3054300137,3054300120
5195195,110,5017600401,5000000
5195221,150-15,4008800303,4008800301
5195256,190,5029104140,5029104105
5195285,330,5002100150,5002100112
5195315,59-10,4056100202,4056100127
5195332,21,5007700119,5007700105
5195333,25,5007700119,5007700105
5195362,1571,5024700109,5024700115
5195399,334,4091601157,4000000
5195412,1,5004700129,5004700114
5195418,625,5013302308,5013302307
5195548,460C,5018100123,5018100113
5195549,460N,5018100123,5018100113
5195552,1981,5005000142,5005000138
5195553,1983,5005000142,5005000138
5195554,1985,5005000142,5005000138
5195555,1987,5005000142,5005000138
5195556,2,5017700120,5017700162
5195579,4212B,5015603197,5015603148
5195580,4212C,5015603197,5015603148
5195583,20-20,4107201147,4010300202
5195636,28,5001100305,5000900109
5195698,78,5029104141,5029104142
5195763,751,5012805320,5012805235
5195783,86,5013400118,5013400320
5195812,394,5024401409,5024401425
5195813,398,5024401409,5024401425
5195844,28,5018100227,5018100202
5195872,3285E,5014607266,5014607269
5195892,155,5000700225,5000700220
5195913,250,5007700118,5008100206
5195914,254,5007700118,5008100206
5195928,130,5017700111,5017300108
9101697,400,2011700545,2011700549
9101741,341,3016400123,3000000
9103976,200,1002900201,1002900503
9104436,45,3061002207,3000000
9106328,144-47,4068000413,4068000429
9106329,144-45,4068000413,4068000429
9106773,8,5024800254,5024800252
9106774,12,5024800254,5024800252
9106905,19,1007400102,1008200205
9109819,51-49,4024300214,4024300212
9111572,1101,3074000103,3074000206
9112641,1445,5029104408,5029104403
9112905,1120,5029102169,5029102105
9113172,21,3032700309,3032700307
9115126,95,3002100230,3002100214
9115332,330,3024300102,3025100102
9115401,7131,3120800209,3000000
9116283,1441,5029104408,5029104403
9117548,110,5002700201,5002900201
9117737,490,1015200910,1015200006
9117775,17,1002700110,1002700111
9200296,313,4091601126,4000000
9200337,74-03,4094202105,4000000
9200639,583,5007000370,5007000369
9200639,591,5007000370,5007000369
9200918,77-15,4094202109,4000000
9200942,77-03,4094202109,4000000
9201100,25,4107202004,4107201102
9201596,914,4107201156,4000000
9201996,77-07,4094202109,4000000
9202052,76-15,4094202119,4000000
9202385,307,4091601128,4000000
9202541,553,5007000370,5007000369
9202541,561,5007000370,5007000369
9202843,528,4097203105,4097203104
9202857,59,4088400404,4088400443
9202885,77-08,4094202114,4000000
9203139,5289,5024800254,5024800255
9203388,76-09,4094202119,4000000
9203416,934,4107201156,4000000
9203753,77-16,4094202114,4000000
9204046,930,4107201156,4000000
9204327,475,5007000374,5007000362
9204569,215,3024500101,3024900101
9204743,144-53,4077907902,4077907907
9205086,76-07,4094202119,4000000
9205252,600,2011700533,2011700546
9205253,348,3016400110,3000000
9205255,342,3016400110,3000000
9205256,343,3016400123,3000000
9206095,75-18,4094202118,4000000
9206124,76-12,4094202115,4000000
9206184,75-11,4094202106,4000000
9206400,77-04,4094202114,4000000
9206448,317,4091601126,4000000
9206482,75-16,4094202118,4000000
9206692,463,2039700119,2039700102
9206737,573,5007000370,5007000369
9206737,581,5007000370,5007000369
9206767,603,5007000370,5007000369
9206767,611,5007000370,5007000361
9207208,75-12,4094202118,4000000
9207213,411,2039700113,2039700121
9207437,310,4091601126,4000000
9207509,133-18,4079702202,4079702210
9207936,76-11,4094202119,4000000
9208088,75-07,4094202106,4000000
9208092,77-18,4094202114,4000000
9208111,346,3016400110,3000000
9208217,1700,3036300406,3036300405
9208368,226,4099200123,4000000
9208645,77-11,4094202109,4000000
9208695,75-01,4094202106,4000000
9208821,961,2016100104,2016100406
9209141,140-32,4085900302,000000
9209148,76-06,4094202115,4000000
9209166,75-02,4094202118,4000000
9209285,405,2039700113,2039700121
9209486,1426,3105804161,3105804154
9209490,441,4091601271,4091601353
9209808,623,5007000370,5007000361
9209808,631,5007000370,5007000361
9209912,345,3016400123,3000000
9210121,74-07,4094202105,4000000
9210292,77-09,4094202109,4000000
9210422,76-18,4094202115,4000000
9210467,75-10,4094202118,4000000
9210731,75-15,4094202106,4000000
9210744,926,4107201156,4000000
9210893,316,4091601126,4000000
9211210,77-12,4094202114,4000000
9211214,75-08,4094202118,4000000
9211215,75-17,4094202106,4000000
9211222,75-06,4094202118,4000000
9211261,75-05,4094202106,4000000
9211432,329,4091601157,4000000
9211467,76-02,4094202115,4000000
9211718,510,2011700545,2011700549
9211733,77-17,4094202109,4000000
9211748,75-09,4094202106,4000000
9211937,77-06,4094202114,4000000
9212391,76-10,4094202115,4000000
9212393,563,5007000370,5007000369
9212393,571,5007000370,5007000369
9212768,77-10,4094202114,4000000
9212871,331,4091601157,4000000
9212883,83-18,4050700112,4050700113
9213105,613,5007000370,5007000361
9213105,621,5007000370,5007000361
9213294,77-05,4094202109,4000000
9213446,425,1023501103,1023501104
9213542,76-16,4094202115,4000000
9213781,76-01,4094202119,4000000
9213978,74-01,4094202105,4000000
9214105,145A,5027900137,5000000
9214273,76-05,4094202119,4000000
9214353,55,3061002207,3000000
9214395,981,2018500308,2018500305
9214503,543,5007000370,5007000369
9214503,545,5007000370,5007000369
9214567,916,4107201156,4000000
9214586,1500B,2028400984,2028400976
9214685,344,3016400110,3000000
9214778,239,4094202118,4094202115
9215090,76-08,4094202115,4000000
9215333,501,5007000374,5007000372
9215845,1894,3030700201,3030700203
9215887,541,5007000370,5007000369
9215963,305,4091601128,4000000
9216002,96,4091601144,4091601187
9216097,97,4091601144,4091601187
9216179,721,5027900139,5027900138
9216181,593,5007000370,5007000369
9216181,601,5007000370,5007000369
9216298,76-17,4094202119,4000000
9220929,1,2033400702,2033400703
9221471,196-10,4128300715,4128300748
9223361,403,2039700113,2039700121
9224803,251,5032300945,5032300924
9224907,423,2039700113,2039700102
9225004,501,1021100966,1000000
9236821,4601-B11,2030701107,2000000
9236822,4601-B14,2030701107,2000000
9236823,4601-B15,2030701107,2000000
9236824,4601-B16,2030701107,2000000
9236825,4601-B17,2030701107,2000000
9236826,4601-B18,2030701107,2000000
9236827,4601-B19,2030701107,2000000
9236828,4601-B20,2030701107,2000000
9236829,4601-B21,2030701107,2000000
9236830,4601-B3,2030701107,2000000
9236831,4601-B1,2030701107,2000000
9236832,4601-B7,2030701107,2000000
9236833,4601-B5,2030701107,2000000
9236834,4601-C9,2030701107,2000000
9236835,4601-C7,2030701107,2000000
9236836,4601-C6,2030701107,2000000
9236837,4601-C5,2030701107,2000000
9236838,4601-C4,2030701107,2000000
9236839,4601-C3,2030701107,2000000
9236840,4601-C2,2030701107,2000000
9236841,4601-B9,2030701107,2000000
9236842,4601-A1,2030701107,2000000
9236843,4601-A2,2030701107,2000000
9236844,4601-A3,2030701107,2000000
9236845,4601-A4,2030701107,2000000
9236846,4601-A5,2030701107,2000000
9236847,4601-A6,2030701107,2000000
9236848,4601-A7,2030701107,2000000
9236849,4601-A8,2030701107,2000000
9236850,4601-A9,2030701107,2000000
9236851,4601-A10,2030701107,2000000
9236852,4601-A11,2030701107,2000000
9236853,4601-A24,2030701107,2000000
9236854,4601-A12,2030701107,2000000
9236855,4601-A14,2030701107,2000000
9236856,4601-A15,2030701107,2000000
9236857,4601-A16,2030701107,2000000
9236858,4601-A17,2030701107,2000000
9236859,4601-A18,2030701107,2000000
9236860,4601-A19,2030701107,2000000
9236861,4601-A20,2030701107,2000000
9236862,4601-A21,2030701107,2000000
9236863,4601-A22,2030701107,2000000
9236864,4601-A23,2030701107,2000000
10164473,3285,5014607266,5014607269
10165027,4118,3023000104,3023000102
10165033,3913,3048000101,3048000104
10165163,5105,3047200303,3047200304
10165324,472,3001800815,3001800257
10165509,809,3009200301,3009200304
10165660,2960,3034200201,3034200203
10165918,1465,3019400102,3025000107
10166029,2020,3067000121,3067000109
10166079,1245,3019200202,3019200103
10166118,2022,3067000121,3067000109
10166530,4422,3073200204,3073200241
10166609,6302,3069800109,3069800111
10166623,1750,3017800202,3017800201
10166661,1280,3099200103,3099200102
10166741,4001,3078000206,3078000101
10166742,4005,3078000206,3078000101
10166808,36,3038900301,3038900302
10167001,1696,3102800133,3102800141
10167058,1718,3051200106,3051200107
10167102,76,3022800101,3048600101
10167140,441,3080800106,3080800107
10167188,165,3019500301,3019500202
10167191,444,3019900103,3019900202
10167430,200,3053500101,3053500401
10167522,10107,3109800235,3109800236
10167594,2880,3066600116,3066600143
10167611,275,3001500108,3001500161
10167614,11010,3105804114,3105804149
10167615,11020,3105804114,3105804149
10167616,11040,3105804114,3105804149
10167617,11042,3105804114,3105804149
10167618,11046,3105804114,3105804149
10167619,11110,3105804114,3105804149
10167622,11118,3105804114,3105804149
10167623,11120,3105804114,3105804149
10167624,11122,3105804114,3105804149
10167628,12421,3107800232,3107800206
10167629,12720,3122000172,3122000169
10167671,1050,3122000136,3122000137
10167705,704,3107800115,3107800101
10167751,3339,3117602205,3117602203
10167781,150,1000700800,3000100103
10167782,266,3000301109,3000301111
10167941,354,3005300228,3005300226
10168207,1908,3031400147,3031400100
10168216,3360,3060800210,3000000
10168217,3368,3060800210,3000000
10168282,1734,3036100311,3036100314
10168395,1904,3035200210,3035200208
10168448,3620,3085200102,3085200103
10168525,299,3034900203,3034900301
10168544,265,3005900308,3000000
10168564,5141,3069800120,3067000120
10168565,5145,3069800120,3067000120
10168566,5157,3069800120,3067000120
10168568,5169,3069800120,3067000120
10168573,5301,3069800120,3067000115
10168575,5321,3069800120,3067000115
10168577,5335,3069800120,3067000115
10168579,5353,3069800120,3067000115
10168581,5357,3069800120,3067000115
10168584,5371,3069800120,3067000115
10168585,5373,3069800120,3067000115
10168587,5383,3069800120,3067000115
10168589,5385,3069800120,3067000115
10168590,5389,3069800120,3067000115
10168608,844,3118201205,3118201208
10168659,2,3001100128,3001100117
10169199,3375,3033000117,3033000115
10169200,3395,3033000117,3033000115
10169207,51,3060800217,3060800216
10169476,50,3061002201,3000000
10169647,1139,3017100304,3017100302
10169728,1622,3094401209,3094402104
10169823,1355,3109800215,3097400109
10170203,88-20,4032900201,4032900222
10170550,59-04,4045500108,4045500107
10170691,3-04,4093900113,4093900114
10170765,119-01,4090700003,4090700227
10170818,123-32,4093900126,4093900118
10170853,3-17A,4093900116,4000000
10170964,41,3002100326,3000000
10170966,185,3002100205,3002100206
10171069,558,4099801518,4099801515
10171077,164,4099802309,4000000
10171098,501,4101002119,4101002123
10171381,155-25,4122702208,4122702235
10171420,32-01,4086900522,4086900521
10171490,64-80,4080900110,4080900109
10171544,68-22,4080900506,4080900507
10171618,161-01,4117100111,4117100110
10171619,161-03,4117100111,4117100110
10171620,161-05,4117100111,4117100110
10171621,161-07,4117100111,4117100110
10171622,161-09,4117100111,4117100110
10171641,157-18,4120300108,4120300112
10171821,13,4072300104,4073700212
10171822,5,4071100101,4000000
10171839,110-50,4074700108,4000000
10171899,15,4072300104,4073700212
10171900,9,4072300104,4073700212
10171912,71-78,4070900111,4070900110
10172010,196-14,4134700231,4134700211
10172013,196-26,4134700231,4134700211
10172214,88-06,4027700402,4027700501
10172221,88-28,4027700402,4027700501
10172223,89-24,4027700501,4027700402
10172340,118-22,4077300111,4077300107
10172348,83-15,4021600210,4021600215
10172350,81-12,4077500109,4077500111
10172351,81-22,4077500111,4077500109
10172679,130-41,4033401222,4033401210
10172731,170-24A,4044400163,4000000
10172764,165-42,4033402154,4033402161
10172800,153-20,4030600650,4030600107
10172813,136-33,4033000115,4033000114
10172814,136-40,4033402143,4033401201
10172830,146-26,4030600112,4030600114
10172992,180-25,4044400152,4044400109
10173066,90-38,4024000106,4024000107
10173094,175-01,4032000206,4032000204
10173095,175-03,4032000206,4032000204
10173096,175-05,4032000206,4032000204
10173600,43-43,4015900302,4015900301
10173621,30-68,4019900109,4019900179
10173622,30-70,4019900109,4019900179
10173733,135-24,4005800110,4000000
10173734,135-26B,4005800110,4005800209
10173858,57-65,4021900924,4021900923
10173859,58-29,4021900924,4021900923
10173945,63-09,4052100201,4052100208
10173992,115-12,4016800206,4016800207
10174411,13-32,4094500213,4094500210
10174491,141-58,4094500113,4000000
10174538,168-16,4099100106,4099100202
10174539,168-18,4099100106,4099100202
10174540,168-20,4099100106,4099100202
10174541,168-22,4099100106,4099100202
10174542,168-24,4099100106,4099100202
10174543,168-26,4099100106,4099100202
10174544,168-28,4099100106,4099100202
10174545,168-32,4099100106,4099100202
10174546,168-34,4099100106,4099100202
10174547,168-36,4099100106,4099100202
10174548,168-38,4099100106,4099100202
10174549,168-44,4099100106,4099100202
10174550,168-46,4099100106,4099100202
10174551,168-52,4099100106,4099100202
10174552,168-54,4099100106,4099100202
10174553,168-58,4099100106,4099100202
10174616,51-36,4029500106,4029500101
10174776,54-02,4025500123,4025500122
10174785,30-47,4029500107,4029500108
10174788,50-92,4017100101,4025500101
10174957,220-03,4055200117,4130100131
10174990,98-00,4071701210,4071701204
10175095,91-53,4014202259,4014202224
10175136,117-21,4013200206,4013200201
10175217,810,4058900301,4058500302
10175236,69-03,4058100203,4058100207
10175279,88-01,4063900131,4063900209
10175280,88-03,4063900131,4063900209
10175342,125,4107201252,4107201260
10175380,416,4093800226,4093800224
10175411,116-02,4093800214,4093402114
10175485,202-16,4091601177,4091601148
10175486,202-20,4091601177,4091601148
10175487,202-24,4091601177,4091601148
10175488,202-26,4091601177,4091601148
10175489,202-28,4091601177,4091601148
10175490,202-34,4091601177,4091601148
10175491,202-36,4091601177,4091601148
10175537,137-51,4065600115,4065600140
10175684,763,1008800111,1008800101
10175685,765,1008800111,1008800101
10175686,771,1008800111,1008800101
10175687,801,1009000110,1009000104
10175688,809,1009000110,1009000105
10175839,1234,1016800303,1016800302
10175883,743,1009100102,1009100105
10175977,1343,1016001201,1016001102
10175983,1399,1016002101,1016002102
10175991,2,1005600210,1005600205
10176038,1607,1018200306,1018200311
10176061,100,1008300303,1008300305
10176129,641,1017700302,1017700304
10176207,211,1009900800,1009900927
10176209,451,1011700803,1011700913
10176210,557,1012900908,1012900900
10176215,570,1022302405,1022302409
10176216,679,1022500704,1023300903
10176217,725,1023300004,1023300005
10176218,770,1023700110,1024100207
10176231,400,1010100202,1010100204
10176305,475,1011100302,1011100315
10176429,2060,1015700301,1015700305
10176430,2062,1015700301,1015700305
10176626,340,1020800304,1020800303
10176758,1644,1014402106,1014402104
10176767,88,1000800135,1000800124
10176786,201A,1004100403,1000000
10176816,2,1001600415,1001600417
10176859,102,1001600401,1001600203
10176924,304,1003700118,1003700122
10177108,347,1007800120,1007800121
10177212,511,1012900108,1012900112
10177337,50,1009000111,1009000114
10177339,161,1015500114,1015500103
10177343,194,1015500107,1015500101
10177349,23,1009200301,1009200310
10177362,305,5030302129,5030302114
10177454,85,5017005351,5017005345
10177506,1077,5000600104,5000600119
10177509,1369,5000600152,5000600126
10177620,118,5008100306,5008100312
10177649,15,5004000144,5004000120
10177661,1150,5014700223,5014700221
10177682,460,5019800255,5019800274
10177698,125,5018100204,5018100206
10177903,1243,5011202116,5011202129
10177930,10,5029102229,5029102269
10177944,957,5030301159,5030301125
10178040,23,5031902219,5031902215
10178041,25,5031902219,5031902215
10178044,33,5031902219,5031902215
10178045,39,5031902219,5031902215
10178105,2343,5012200120,5012200119
10178123,2915,5013201211,5013201212
10178141,235,5022600343,5022600110
10178204,10,5027702185,5027702186
10178205,11,5027702186,5027702185
10178206,14,5027702185,5027702186
10178207,15,5027702186,5027702185
10178208,18,5027702185,5027702186
10178209,19,5027702186,5027702185
10178210,2,5027702185,5027702186
10178211,22,5027702185,5027702186
10178212,23,5027702186,5027702185
10178213,26,5027702185,5027702186
10178214,27,5027702186,5027702185
10178215,31,5027702186,5027702185
10178216,6,5027702185,5027702186
10178217,7,5027702186,5027702185
10178291,20,5014604119,5014604289
10178339,16,5020803207,5020803211
10178473,8,5002002111,5002002158
10178511,137,5006700214,5006700213
10178531,769,5012100225,5012100226
10178701,2240,5022800123,5022800128
10178722,2465,5027702145,5027702155
10178725,2815,5027702199,5027702141
10178742,1457,5017700333,5017700312
10178774,1,5000300108,5000300128
10178775,1435,5009700125,5000000
10178780,1869,5020700124,5013302113
10178797,100,5027702172,5027702145
10178814,1250,5027706103,5027706195
10178892,141,5029102204,5000000
10178893,246,5029102947,5000000
10178950,16,5018100130,5018100131
10179031,70,5021300122,5021300209
10179033,890,5022800924,5022800917
10179081,1130,5004700201,5004700113
10179085,1313,5014700246,5014700234
10179091,1710,5016901219,5016901218
10179117,2520,5018901241,5018901253
10179119,2990,5027301300,5027301263
10179249,98,5027702111,5027702188
10179298,430,1010602205,1010602216
10179359,175,1014000102,1014000101
10179421,520,1017800105,1017800104
10179444,101,1019800104,1019600505
10179627,180,1016500202,1016500203
10179648,103,1018100203,1018100204
10179653,170,1018100204,1018100203
10179676,17,1028300107,1028300105
10179720,37,1006700301,1000000
